time,value
2025-04-10T03:15:42.760292609Z,0.000701904296875
2025-04-10T03:15:44.289790433Z,0.0008392333984375
2025-04-10T03:15:45.299192834Z,0.0011444091796875
2025-04-10T03:15:46.303857481Z,0.000762939453125
2025-04-10T03:15:47.302431788Z,-0.000457763671875
2025-04-10T03:15:48.308665906Z,-0.0060577392578125
2025-04-10T03:15:49.31742451Z,-0.0175018310546875
2025-04-10T03:15:50.302264633Z,-0.016082763671875
2025-04-10T03:15:51.600457778Z,-0.016082763671875
2025-04-10T03:15:52.31892146Z,-0.0168914794921875
2025-04-10T03:15:53.319377451Z,-0.01702880859375
2025-04-10T03:15:54.320929532Z,-0.016937255859375
2025-04-10T03:15:55.326294669Z,-0.01641845703125
2025-04-10T03:15:56.327678317Z,-0.016876220703125
2025-04-10T03:15:57.331015683Z,-0.0160369873046875
2025-04-10T03:15:58.331656085Z,-0.015960693359375
2025-04-10T03:15:59.335775263Z,-0.015869140625
2025-04-10T03:16:00.337291735Z,-0.016265869140625
2025-04-10T03:16:01.331284818Z,-0.01708984375
2025-04-10T03:16:02.342049214Z,-0.0170440673828125
2025-04-10T03:16:03.345111006Z,-0.0164794921875
2025-04-10T03:16:04.346678093Z,-0.01513671875
2025-04-10T03:16:05.351758619Z,-0.0152587890625
2025-04-10T03:16:06.349219529Z,-0.014068603515625
2025-04-10T03:16:07.35265144Z,-0.014892578125
2025-04-10T03:16:08.344578115Z,-0.0144195556640625
2025-04-10T03:16:09.357311493Z,-0.015472412109375
2025-04-10T03:16:10.361041858Z,-0.0144805908203125
2025-04-10T03:16:11.358395948Z,-0.013946533203125
2025-04-10T03:16:12.363446965Z,-0.013397216796875
2025-04-10T03:16:13.366791548Z,-0.015411376953125
2025-04-10T03:16:14.369791264Z,-0.016998291015625
2025-04-10T03:16:15.369967784Z,-0.0166168212890625
2025-04-10T03:16:16.374724765Z,-0.016448974609375
2025-04-10T03:16:17.379752311Z,-0.0166015625
2025-04-10T03:16:18.381172888Z,-0.01641845703125
2025-04-10T03:16:19.378920684Z,-0.0168914794921875
2025-04-10T03:16:20.370922463Z,-0.0130615234375
2025-04-10T03:16:21.381637996Z,-0.0142059326171875
2025-04-10T03:16:22.388790883Z,-0.0143890380859375
2025-04-10T03:16:23.535651429Z,-0.0146636962890625
2025-04-10T03:16:24.39171781Z,-0.014312744140625
2025-04-10T03:16:25.393270055Z,0.1255035400390625
2025-04-10T03:16:26.396299513Z,-0.55328369140625
2025-04-10T03:16:27.396374521Z,-0.3177642822265625
2025-04-10T03:16:28.399918664Z,-0.5252838134765625
2025-04-10T03:16:29.402861178Z,-0.0750579833984375
2025-04-10T03:16:30.406118208Z,0.0271453857421875
2025-04-10T03:16:31.405466188Z,0.191070556640625
2025-04-10T03:16:32.409150588Z,0.1764373779296875
2025-04-10T03:16:33.413922302Z,0.1735076904296875
2025-04-10T03:16:34.413650898Z,0.167938232421875
2025-04-10T03:16:35.414898834Z,0.1639862060546875
2025-04-10T03:16:36.427640919Z,0.1482696533203125
2025-04-10T03:16:37.427348952Z,-0.1746063232421875
2025-04-10T03:16:38.421505626Z,-0.162261962890625
2025-04-10T03:16:39.426374076Z,-0.0463409423828125
2025-04-10T03:16:40.426719166Z,-0.095458984375
2025-04-10T03:16:41.416931218Z,-0.1110382080078125
2025-04-10T03:16:42.426306472Z,-0.071624755859375
2025-04-10T03:16:43.434828577Z,-0.1034698486328125
2025-04-10T03:16:44.434965771Z,-0.0630035400390625
2025-04-10T03:16:45.438217898Z,-0.0847015380859375
2025-04-10T03:16:46.436013287Z,-0.0966339111328125
2025-04-10T03:16:47.461991705Z,-0.0690155029296875
2025-04-10T03:16:48.467412555Z,-0.18994140625
2025-04-10T03:16:49.536384996Z,-0.1416473388671875
2025-04-10T03:16:50.469432061Z,-0.067291259765625
2025-04-10T03:17:04.713940866Z,-0.279296875
2025-04-10T03:17:05.701554609Z,-0.34051513671875
2025-04-10T03:17:06.703442521Z,-0.3284912109375
2025-04-10T03:17:07.723556637Z,-0.2110137939453125
2025-04-10T03:17:08.725963358Z,-0.28863525390625
2025-04-10T03:17:09.728897473Z,-0.2772979736328125
2025-04-10T03:17:10.730788256Z,-0.89263916015625
2025-04-10T03:17:11.730648323Z,-0.0029754638671875
2025-04-10T03:17:12.735392203Z,-0.0022735595703125
2025-04-10T03:17:13.734199762Z,-0.0028839111328125
2025-04-10T03:17:14.739369313Z,-0.001953125
2025-04-10T03:17:15.741079064Z,-0.0023040771484375
2025-04-10T03:17:16.74416972Z,-0.0025482177734375
2025-04-10T03:17:17.743865608Z,-0.002227783203125
2025-04-10T03:17:18.743855081Z,-0.0027008056640625
2025-04-10T03:17:19.74651742Z,-0.0020599365234375
2025-04-10T03:17:20.749234484Z,-0.0021514892578125
2025-04-10T03:17:21.752539341Z,-0.0015869140625
2025-04-10T03:17:22.755234774Z,-0.0029296875
2025-04-10T03:17:23.755274092Z,-0.002655029296875
2025-04-10T03:17:24.758407672Z,-0.00311279296875
2025-04-10T03:17:25.761486637Z,-0.002685546875
2025-04-10T03:17:26.761099033Z,-0.001922607421875
2025-04-10T03:17:27.764173167Z,-0.0018768310546875
2025-04-10T03:17:28.761728352Z,-0.002410888671875
2025-04-10T03:17:29.76340949Z,-0.0017852783203125
2025-04-10T03:17:30.769220851Z,-0.002777099609375
2025-04-10T03:17:31.770242436Z,-0.001983642578125
2025-04-10T03:17:32.773550377Z,-0.00177001953125
2025-04-10T03:17:33.77354655Z,-0.001983642578125
2025-04-10T03:17:34.77654046Z,-0.0012054443359375
2025-04-10T03:17:35.782401775Z,-0.00128173828125
2025-04-10T03:17:36.781377911Z,0.0017852783203125
2025-04-10T03:17:37.784209874Z,0.002288818359375
2025-04-10T03:17:38.782927259Z,0.00128173828125
2025-04-10T03:17:39.787291339Z,0.002349853515625
2025-04-10T03:17:40.794378831Z,0.0019683837890625
2025-04-10T03:17:41.79005191Z,0.0023193359375
2025-04-10T03:17:42.789612275Z,0.0020599365234375
2025-04-10T03:17:43.794946394Z,-0.00079345703125
2025-04-10T03:17:44.796535711Z,-0.0017547607421875
2025-04-10T03:17:45.798859129Z,-0.0008697509765625
2025-04-10T03:17:46.802842248Z,-0.0017242431640625
2025-04-10T03:17:47.803342792Z,-0.0008087158203125
2025-04-10T03:17:48.804344686Z,-0.0012359619140625
2025-04-10T03:17:49.807217899Z,-0.0009918212890625
2025-04-10T03:17:50.808828877Z,-0.0008544921875
2025-04-10T03:17:51.809954942Z,-0.0016021728515625
2025-04-10T03:17:52.811507169Z,-0.0018157958984375
2025-04-10T03:17:53.815567971Z,-0.0017547607421875
2025-04-10T03:17:54.813669331Z,-0.00177001953125
2025-04-10T03:17:55.817229625Z,-0.0005950927734375
2025-04-10T03:17:56.82163499Z,-0.0015869140625
2025-04-10T03:17:57.817831708Z,0.0000457763671875
2025-04-10T03:17:58.822416482Z,-0.0019683837890625
2025-04-10T03:17:59.826536549Z,-0.0000152587890625
2025-04-10T03:18:00.828672319Z,0.0023193359375
2025-04-10T03:18:01.842068028Z,-0.00189208984375
2025-04-10T03:18:02.859761221Z,-0.0007781982421875
2025-04-10T03:18:03.990177179Z,0.0006866455078125
2025-04-10T03:18:04.892707456Z,-0.0012664794921875
2025-04-10T03:18:05.911102245Z,-0.00164794921875
2025-04-10T03:18:06.928182286Z,-0.0017547607421875
2025-04-10T03:18:07.943500449Z,-0.001708984375
2025-04-10T03:18:08.959085802Z,-0.00128173828125
2025-04-10T03:18:09.975280384Z,-0.0016937255859375
2025-04-10T03:18:10.991731601Z,-0.000946044921875
2025-04-10T03:18:12.007202526Z,-0.0011444091796875
2025-04-10T03:18:13.024812504Z,-0.0017852783203125
2025-04-10T03:18:14.04464111Z,-0.0008544921875
2025-04-10T03:18:15.058594819Z,-0.0016632080078125
2025-04-10T03:18:16.073986724Z,-0.00164794921875
2025-04-10T03:18:17.091792191Z,-0.001312255859375
2025-04-10T03:18:18.109193895Z,-0.002166748046875
2025-04-10T03:18:19.12350594Z,-0.001495361328125
2025-04-10T03:18:20.139609044Z,0.0013427734375
2025-04-10T03:18:21.158626113Z,-0.0031280517578125
2025-04-10T03:18:22.170896646Z,-0.0016021728515625
2025-04-10T03:18:23.191241263Z,-0.0011138916015625
2025-04-10T03:18:24.207543583Z,-0.00152587890625
2025-04-10T03:18:25.219007449Z,-0.000762939453125
2025-04-10T03:18:26.239777944Z,-0.000518798828125
2025-04-10T03:18:27.256471315Z,-0.00091552734375
2025-04-10T03:18:28.27332328Z,-0.0013885498046875
2025-04-10T03:18:29.289842885Z,-0.0010223388671875
2025-04-10T03:18:30.301733529Z,-0.001617431640625
2025-04-10T03:18:31.322075144Z,-0.0003509521484375
2025-04-10T03:18:32.335659321Z,-0.0018310546875
2025-04-10T03:18:33.353655327Z,-0.001068115234375
2025-04-10T03:18:34.372344961Z,-0.0018768310546875
2025-04-10T03:18:35.389061395Z,-0.0027618408203125
2025-04-10T03:18:36.404695562Z,-0.0007171630859375
2025-04-10T03:18:37.4204875Z,-0.0015869140625
2025-04-10T03:18:38.43905426Z,-0.00079345703125
2025-04-10T03:18:39.458025173Z,-0.0255584716796875
2025-04-10T03:18:40.468729853Z,-0.02508544921875
2025-04-10T03:18:41.470418956Z,-0.0254058837890625
2025-04-10T03:18:42.471948484Z,-0.0244293212890625
2025-04-10T03:18:43.473143474Z,-0.0261993408203125
2025-04-10T03:18:44.477629541Z,-0.02618408203125
2025-04-10T03:18:45.472878118Z,-0.026641845703125
2025-04-10T03:18:46.466347237Z,-0.025909423828125
2025-04-10T03:18:47.471629882Z,-0.026947021484375
2025-04-10T03:18:48.478638512Z,-0.0261383056640625
2025-04-10T03:18:49.485330723Z,-0.0258636474609375
2025-04-10T03:18:50.489175525Z,-0.02593994140625
2025-04-10T03:18:51.49031732Z,-0.0267791748046875
2025-04-10T03:18:52.490073045Z,-0.025848388671875
2025-04-10T03:18:53.494557559Z,-0.0264892578125
2025-04-10T03:18:54.49848599Z,-0.02569580078125
2025-04-10T03:18:55.499610417Z,-0.0286712646484375
2025-04-10T03:18:56.503161922Z,-0.026336669921875
2025-04-10T03:18:57.504862942Z,-0.0269012451171875
2025-04-10T03:18:58.503097842Z,-0.0261993408203125
2025-04-10T03:18:59.510976781Z,-0.027496337890625
2025-04-10T03:19:00.506875468Z,-0.0258026123046875
2025-04-10T03:19:01.512724766Z,-0.026519775390625
2025-04-10T03:19:02.512282105Z,-0.026092529296875
2025-04-10T03:19:03.518809067Z,-0.0271759033203125
2025-04-10T03:19:04.520097581Z,-0.0263519287109375
2025-04-10T03:19:05.52183212Z,-0.0262603759765625
2025-04-10T03:19:06.522969618Z,-0.0260162353515625
2025-04-10T03:19:07.524497672Z,-0.02801513671875
2025-04-10T03:19:08.530133655Z,-0.02911376953125
2025-04-10T03:19:09.531507117Z,-0.0212249755859375
2025-04-10T03:19:10.538645422Z,-0.0278167724609375
2025-04-10T03:19:11.53847045Z,-0.035430908203125
2025-04-10T03:19:12.539059992Z,-0.0303192138671875
2025-04-10T03:19:13.539774Z,-0.025909423828125
2025-04-10T03:19:14.541499537Z,-0.025054931640625
2025-04-10T03:19:15.545443861Z,-0.0251007080078125
2025-04-10T03:19:16.544685678Z,-0.0258941650390625
2025-04-10T03:19:17.551405205Z,-0.027008056640625
2025-04-10T03:19:18.553261649Z,-0.026611328125
2025-04-10T03:19:19.554846741Z,-0.02728271484375
2025-04-10T03:19:20.553488774Z,-0.027587890625
2025-04-10T03:19:21.56166279Z,-0.0269012451171875
2025-04-10T03:19:22.564711406Z,-0.0277099609375
2025-04-10T03:19:23.565530351Z,-0.0273590087890625
2025-04-10T03:19:24.567923328Z,-0.0272674560546875
2025-04-10T03:19:25.565836227Z,-0.02691650390625
2025-04-10T03:19:26.573613059Z,-0.027374267578125
2025-04-10T03:19:27.575996667Z,-0.0269622802734375
2025-04-10T03:19:28.577344546Z,-0.02734375
2025-04-10T03:19:29.583700389Z,-0.02801513671875
2025-04-10T03:19:30.581851523Z,-0.0273895263671875
2025-04-10T03:19:31.571197051Z,-0.027984619140625
2025-04-10T03:19:32.582614337Z,-0.028167724609375
2025-04-10T03:19:33.587725129Z,-0.0283966064453125
2025-04-10T03:19:34.591457869Z,-0.0280303955078125
2025-04-10T03:19:35.592887888Z,-0.0252685546875
2025-04-10T03:19:36.59651101Z,-0.0272369384765625
2025-04-10T03:19:37.596368289Z,-0.02703857421875
2025-04-10T03:19:38.60109872Z,-0.0283355712890625
2025-04-10T03:19:39.599372345Z,-0.02655029296875
2025-04-10T03:19:40.601213518Z,-0.026885986328125
2025-04-10T03:19:41.603582977Z,-0.0280609130859375
2025-04-10T03:19:42.607597358Z,-0.02740478515625
2025-04-10T03:19:43.61156789Z,-0.027801513671875
2025-04-10T03:19:44.613713879Z,-0.02789306640625
2025-04-10T03:19:45.622613088Z,-0.02679443359375
2025-04-10T03:19:46.618943181Z,-0.0288238525390625
2025-04-10T03:19:47.619172227Z,-0.02862548828125
2025-04-10T03:19:48.624572118Z,-0.02752685546875
2025-04-10T03:19:49.623618516Z,-0.027923583984375
2025-04-10T03:19:50.629176428Z,-0.027191162109375
2025-04-10T03:19:51.628839731Z,-0.02734375
2025-04-10T03:19:52.633467209Z,-0.028076171875
2025-04-10T03:19:53.637188339Z,-0.027862548828125
2025-04-10T03:19:54.633481665Z,-0.0278472900390625
2025-04-10T03:19:55.636544997Z,-0.0277557373046875
2025-04-10T03:19:56.640777569Z,-0.027618408203125
2025-04-10T03:19:57.644278803Z,-0.026641845703125
2025-04-10T03:19:58.645963449Z,-0.027618408203125
2025-04-10T03:19:59.645620347Z,-0.02825927734375
2025-04-10T03:20:00.649589038Z,-0.0283355712890625
2025-04-10T03:20:01.652494677Z,-0.027923583984375
2025-04-10T03:20:02.653354293Z,-0.028106689453125
2025-04-10T03:20:03.656716717Z,-0.028472900390625
2025-04-10T03:20:04.659517777Z,-0.027587890625
2025-04-10T03:20:05.6626493Z,-0.027862548828125
2025-04-10T03:20:06.664356217Z,-0.0277557373046875
2025-04-10T03:20:07.667912408Z,-0.0281524658203125
2025-04-10T03:20:08.667801226Z,-0.0274200439453125
2025-04-10T03:20:09.678510464Z,-0.0281219482421875
2025-04-10T03:20:10.672614959Z,-0.0274505615234375
2025-04-10T03:20:11.674409461Z,-0.027740478515625
2025-04-10T03:20:12.677680293Z,-0.02825927734375
2025-04-10T03:20:13.681650705Z,-0.02667236328125
2025-04-10T03:20:14.681498778Z,-0.0272369384765625
2025-04-10T03:20:15.684082735Z,-0.0269927978515625
2025-04-10T03:20:16.688979037Z,-0.025360107421875
2025-04-10T03:20:17.691355236Z,-0.0262298583984375
2025-04-10T03:20:18.688249148Z,-0.023681640625
2025-04-10T03:20:19.693939103Z,-0.025390625
2025-04-10T03:20:20.69402195Z,-0.02520751953125
2025-04-10T03:20:21.699222513Z,-0.0256805419921875
2025-04-10T03:20:22.701197748Z,-0.0260009765625
2025-04-10T03:20:23.7043572Z,-0.02557373046875
2025-04-10T03:20:24.705269694Z,-0.0243682861328125
2025-04-10T03:20:25.70862673Z,-0.02685546875
2025-04-10T03:20:26.708895262Z,-0.02777099609375
2025-04-10T03:20:27.711873979Z,-0.0267791748046875
2025-04-10T03:20:28.716856799Z,-0.02789306640625
2025-04-10T03:20:29.717707497Z,-0.02764892578125
2025-04-10T03:20:30.719383982Z,-0.0280303955078125
2025-04-10T03:20:31.721732991Z,-0.0276641845703125
2025-04-10T03:20:32.723337963Z,-0.028106689453125
2025-04-10T03:20:33.724576841Z,-0.02789306640625
2025-04-10T03:20:34.723377907Z,-0.0277252197265625
2025-04-10T03:20:35.730250849Z,-0.0287017822265625
2025-04-10T03:20:36.733436506Z,-0.0281219482421875
2025-04-10T03:20:37.733937098Z,-0.0279541015625
2025-04-10T03:20:38.733242553Z,-0.02825927734375
2025-04-10T03:20:39.738596236Z,-0.0287017822265625
2025-04-10T03:20:40.741673552Z,-0.027923583984375
2025-04-10T03:20:41.743249335Z,-0.0259246826171875
2025-04-10T03:20:42.744749625Z,-0.0274658203125
2025-04-10T03:20:43.747915372Z,-0.0267791748046875
2025-04-10T03:20:44.747378334Z,-0.0280609130859375
2025-04-10T03:20:45.752028488Z,-0.027557373046875
2025-04-10T03:20:46.754999692Z,-0.027618408203125
2025-04-10T03:20:47.75621046Z,-0.0284423828125
2025-04-10T03:20:48.761389138Z,-0.027923583984375
2025-04-10T03:20:49.762408532Z,-0.027618408203125
2025-04-10T03:20:50.76492421Z,-0.0289764404296875
2025-04-10T03:20:51.767513995Z,-0.0268096923828125
2025-04-10T03:20:52.771722835Z,-0.0268402099609375
2025-04-10T03:20:53.771393834Z,-0.0276947021484375
2025-04-10T03:20:54.77463962Z,-0.029815673828125
2025-04-10T03:20:55.776972931Z,-0.0275421142578125
2025-04-10T03:20:56.780490379Z,-0.0269012451171875
2025-04-10T03:20:57.782583246Z,-0.02825927734375
2025-04-10T03:20:58.785215744Z,-0.0272979736328125
2025-04-10T03:20:59.789675202Z,-0.0274658203125
2025-04-10T03:21:00.789480271Z,-0.02734375
2025-04-10T03:21:01.792784378Z,-0.026092529296875
2025-04-10T03:21:02.790598388Z,-0.0268707275390625
2025-04-10T03:21:04.013731879Z,-0.02764892578125
2025-04-10T03:21:04.7954431Z,-0.027008056640625
2025-04-10T03:21:05.803248495Z,-0.0269775390625
2025-04-10T03:21:06.802724922Z,-0.02679443359375
2025-04-10T03:21:07.807240418Z,-0.02740478515625
2025-04-10T03:21:08.809492573Z,-0.0269927978515625
2025-04-10T03:21:09.810849247Z,-0.028167724609375
2025-04-10T03:21:10.811440858Z,-0.0284881591796875
2025-04-10T03:21:11.81179225Z,-0.0283050537109375
2025-04-10T03:21:12.815543146Z,-0.02850341796875
2025-04-10T03:21:13.816850356Z,-0.028411865234375
2025-04-10T03:21:14.820486226Z,-0.0278167724609375
2025-04-10T03:21:15.823204369Z,-0.0274505615234375
2025-04-10T03:21:16.823346245Z,-0.027740478515625
2025-04-10T03:21:17.827633739Z,-0.02813720703125
2025-04-10T03:21:18.82934924Z,-0.0280914306640625
2025-04-10T03:21:19.82854071Z,-0.0272369384765625
2025-04-10T03:21:20.832357671Z,-0.0275421142578125
2025-04-10T03:21:21.835868462Z,-0.02655029296875
2025-04-10T03:21:22.836439545Z,-0.028472900390625
2025-04-10T03:21:23.841729241Z,-0.027587890625
2025-04-10T03:21:24.84259189Z,-0.0268402099609375
2025-04-10T03:21:25.845783806Z,-0.0274200439453125
2025-04-10T03:21:26.843833665Z,-0.0279083251953125
2025-04-10T03:21:27.84912977Z,-0.0273590087890625
2025-04-10T03:21:28.84664339Z,-0.027587890625
2025-04-10T03:21:29.851487504Z,-0.0274658203125
2025-04-10T03:21:30.854576476Z,-0.0264739990234375
2025-04-10T03:21:31.856026464Z,-0.026519775390625
2025-04-10T03:21:32.859490923Z,-0.0279541015625
2025-04-10T03:21:33.86106635Z,-0.0274658203125
2025-04-10T03:21:34.863793729Z,-0.026153564453125
2025-04-10T03:21:35.866227393Z,-0.027740478515625
2025-04-10T03:21:36.867612022Z,-0.02728271484375
2025-04-10T03:21:37.869795092Z,-0.0269622802734375
2025-04-10T03:21:38.873891646Z,-0.0277099609375
2025-04-10T03:21:39.87532847Z,-0.0274200439453125
2025-04-10T03:21:40.87425619Z,-0.0275421142578125
2025-04-10T03:21:41.880384107Z,-0.0264892578125
2025-04-10T03:21:42.882956305Z,-0.0273590087890625
2025-04-10T03:21:43.880563799Z,-0.027252197265625
2025-04-10T03:21:44.885979563Z,-0.02752685546875
2025-04-10T03:21:45.889064043Z,-0.027374267578125
2025-04-10T03:21:46.892112852Z,-0.027252197265625
2025-04-10T03:21:47.894511265Z,-0.0276336669921875
2025-04-10T03:21:48.89555969Z,-0.027740478515625
2025-04-10T03:21:49.896880596Z,-0.0273284912109375
2025-04-10T03:21:50.901797887Z,-0.02716064453125
2025-04-10T03:21:51.902862448Z,-0.027618408203125
2025-04-10T03:21:52.903058408Z,-0.0269012451171875
2025-04-10T03:21:53.90743964Z,-0.0265960693359375
2025-04-10T03:21:54.910133363Z,-0.0279693603515625
2025-04-10T03:21:55.909215085Z,-0.0278778076171875
2025-04-10T03:21:56.911444674Z,-0.0272979736328125
2025-04-10T03:21:57.913852452Z,-0.0290374755859375
2025-04-10T03:21:58.913657117Z,-0.0264434814453125
2025-04-10T03:21:59.920784372Z,-0.02685546875
2025-04-10T03:22:00.922355956Z,-0.0260009765625
2025-04-10T03:22:01.924531109Z,-0.027191162109375
2025-04-10T03:22:02.930051244Z,-0.027587890625
2025-04-10T03:22:04.020819826Z,-0.0272674560546875
2025-04-10T03:22:04.928678574Z,-0.0286102294921875
2025-04-10T03:22:05.936801853Z,-0.0269927978515625
2025-04-10T03:22:06.936123205Z,-0.0275421142578125
2025-04-10T03:22:07.941647774Z,-0.027313232421875
2025-04-10T03:22:08.944542391Z,-0.02703857421875
2025-04-10T03:22:09.940696921Z,-0.0271759033203125
2025-04-10T03:22:10.949257289Z,-0.0275115966796875
2025-04-10T03:22:11.950826153Z,-0.026611328125
2025-04-10T03:22:12.952401913Z,-0.027740478515625
2025-04-10T03:22:13.956549931Z,-0.0275421142578125
2025-04-10T03:22:14.956541418Z,-0.0272979736328125
2025-04-10T03:22:15.959405787Z,-0.0275421142578125
2025-04-10T03:22:16.965007434Z,-0.0281524658203125
2025-04-10T03:22:17.963083421Z,-0.027191162109375
2025-04-10T03:22:18.975448754Z,-0.02764892578125
2025-04-10T03:22:19.971284062Z,-0.0271759033203125
2025-04-10T03:22:20.972695034Z,-0.0286865234375
2025-04-10T03:22:21.975940956Z,-0.0267791748046875
2025-04-10T03:22:22.976767562Z,-0.02166748046875
2025-04-10T03:22:23.978240003Z,-0.0261077880859375
2025-04-10T03:22:24.98114712Z,-0.0281524658203125
2025-04-10T03:22:25.98309417Z,-0.0277557373046875
2025-04-10T03:22:26.986676219Z,-0.0279388427734375
2025-04-10T03:22:27.987397462Z,-0.0278472900390625
2025-04-10T03:22:28.989456611Z,-0.027496337890625
2025-04-10T03:22:29.989194992Z,-0.028106689453125
2025-04-10T03:22:30.992556568Z,-0.0265960693359375
2025-04-10T03:22:31.996650135Z,-0.027801513671875
2025-04-10T03:22:32.994631475Z,-0.027435302734375
2025-04-10T03:22:34.000160969Z,-0.027862548828125
2025-04-10T03:22:35.001904886Z,-0.0289764404296875
2025-04-10T03:22:36.001847798Z,-0.02899169921875
2025-04-10T03:22:37.007419413Z,-0.0274505615234375
2025-04-10T03:22:38.009000169Z,-0.0276336669921875
2025-04-10T03:22:39.008043551Z,-0.0279388427734375
2025-04-10T03:22:40.009445557Z,-0.027557373046875
2025-04-10T03:22:41.01363267Z,-0.0281219482421875
2025-04-10T03:22:42.016873847Z,-0.0274810791015625
2025-04-10T03:22:43.019630635Z,-0.0276031494140625
2025-04-10T03:22:44.022128108Z,-0.0276947021484375
2025-04-10T03:22:45.020625738Z,-0.0271148681640625
2025-04-10T03:22:46.023660438Z,-0.028106689453125
2025-04-10T03:22:47.025759543Z,-0.02740478515625
2025-04-10T03:22:48.030647549Z,-0.02783203125
2025-04-10T03:22:49.031791571Z,-0.027923583984375
2025-04-10T03:22:50.036589147Z,-0.0281219482421875
2025-04-10T03:22:51.035543869Z,-0.0279388427734375
2025-04-10T03:22:52.03797176Z,-0.0278778076171875
2025-04-10T03:22:53.039387982Z,-0.0262298583984375
2025-04-10T03:22:54.050808794Z,-0.0281524658203125
2025-04-10T03:22:55.046871861Z,-0.0281524658203125
2025-04-10T03:22:56.049786315Z,-0.027130126953125
2025-04-10T03:22:57.051160129Z,-0.0272216796875
2025-04-10T03:22:58.051819853Z,-0.0272216796875
2025-04-10T03:22:59.056400322Z,-0.0274505615234375
2025-04-10T03:23:00.053269693Z,-0.027252197265625
2025-04-10T03:23:01.054898578Z,-0.0280609130859375
2025-04-10T03:23:02.060495073Z,-0.0260467529296875
2025-04-10T03:23:03.061954612Z,-0.026702880859375
2025-04-10T03:23:04.065114497Z,-0.027099609375
2025-04-10T03:23:05.064291489Z,-0.026336669921875
2025-04-10T03:23:06.069435386Z,-0.0254974365234375
2025-04-10T03:23:07.070061338Z,-0.0272216796875
2025-04-10T03:23:08.07126572Z,-0.0276336669921875
2025-04-10T03:23:09.075508442Z,-0.0261383056640625
2025-04-10T03:23:10.075249773Z,-0.026336669921875
2025-04-10T03:23:11.080508381Z,-0.0259552001953125
2025-04-10T03:23:12.081723063Z,-0.0261688232421875
2025-04-10T03:23:13.085428961Z,-0.0270538330078125
2025-04-10T03:23:14.086849039Z,-0.026885986328125
2025-04-10T03:23:15.084897222Z,-0.0264129638671875
2025-04-10T03:23:16.089382727Z,-0.027679443359375
2025-04-10T03:23:17.092700239Z,-0.0261383056640625
2025-04-10T03:23:18.095041903Z,-0.0273590087890625
2025-04-10T03:23:19.098582222Z,-0.02545166015625
2025-04-10T03:23:20.098433217Z,-0.02642822265625
2025-04-10T03:23:21.102950616Z,-0.0221405029296875
2025-04-10T03:23:22.102346489Z,-0.028076171875
2025-04-10T03:23:23.108280379Z,-0.028076171875
2025-04-10T03:23:24.107444208Z,-0.028564453125
2025-04-10T03:23:25.111782125Z,-0.0274810791015625
2025-04-10T03:23:26.112330245Z,-0.028106689453125
2025-04-10T03:23:27.117142627Z,-0.02777099609375
2025-04-10T03:23:28.11802777Z,-0.02734375
2025-04-10T03:23:29.119238369Z,-0.0273895263671875
2025-04-10T03:23:30.120577414Z,-0.02789306640625
2025-04-10T03:23:31.135165555Z,-0.02801513671875
2025-04-10T03:23:32.125653411Z,-0.0285491943359375
2025-04-10T03:23:33.129371923Z,-0.02783203125
2025-04-10T03:23:34.1283131Z,-0.0278778076171875
2025-04-10T03:23:35.134104988Z,-0.0269012451171875
2025-04-10T03:23:36.135295731Z,-0.0281219482421875
2025-04-10T03:23:37.138597205Z,-0.0277557373046875
2025-04-10T03:23:38.140302298Z,-0.0272979736328125
2025-04-10T03:23:39.139856625Z,-0.027069091796875
2025-04-10T03:23:40.14428005Z,-0.026519775390625
2025-04-10T03:23:41.145253842Z,-0.0271148681640625
2025-04-10T03:23:42.15109168Z,-0.026214599609375
2025-04-10T03:23:43.153090695Z,-0.027984619140625
2025-04-10T03:23:44.151262505Z,-0.0269012451171875
2025-04-10T03:23:45.156757552Z,-0.0261688232421875
2025-04-10T03:23:46.157143107Z,-0.027130126953125
2025-04-10T03:23:47.160401553Z,-0.0251617431640625
2025-04-10T03:23:48.159965763Z,-0.025787353515625
2025-04-10T03:23:49.163382069Z,-0.0283050537109375
2025-04-10T03:23:50.161694475Z,-0.0273590087890625
2025-04-10T03:23:51.167842908Z,-0.0278167724609375
2025-04-10T03:23:52.172300619Z,-0.0279693603515625
2025-04-10T03:23:53.172665142Z,-0.027130126953125
2025-04-10T03:23:54.175159238Z,-0.0279388427734375
2025-04-10T03:23:55.180470033Z,-0.0279998779296875
2025-04-10T03:23:56.180728457Z,-0.0276947021484375
2025-04-10T03:23:57.18287988Z,-0.027008056640625
2025-04-10T03:23:58.189219743Z,-0.0270843505859375
2025-04-10T03:23:59.190645249Z,-0.0273590087890625
2025-04-10T03:24:00.19284401Z,-0.026763916015625
2025-04-10T03:24:01.194467991Z,-0.0263214111328125
2025-04-10T03:24:02.199053111Z,-0.0277862548828125
2025-04-10T03:24:03.199595817Z,-0.02801513671875
2025-04-10T03:24:04.202461643Z,-0.0274658203125
2025-04-10T03:24:05.203619346Z,-0.02777099609375
2025-04-10T03:24:06.218660919Z,-0.0279388427734375
2025-04-10T03:24:07.204759957Z,-0.027679443359375
2025-04-10T03:24:08.210291293Z,-0.027740478515625
2025-04-10T03:24:09.212974868Z,-0.026641845703125
2025-04-10T03:24:10.21097285Z,-0.0271148681640625
2025-04-10T03:24:11.227501229Z,-0.02813720703125
2025-04-10T03:24:12.219473898Z,-0.02728271484375
2025-04-10T03:24:13.22053624Z,-0.0301513671875
2025-04-10T03:24:14.218343215Z,-0.02801513671875
2025-04-10T03:24:15.224907795Z,-0.0284423828125
2025-04-10T03:24:16.226964224Z,-0.0286407470703125
2025-04-10T03:24:17.230401933Z,-0.0283660888671875
2025-04-10T03:24:18.233479398Z,-0.027740478515625
2025-04-10T03:24:19.231436235Z,-0.0272216796875
2025-04-10T03:24:20.238857855Z,-0.0280303955078125
2025-04-10T03:24:21.239310424Z,-0.02728271484375
2025-04-10T03:24:22.24139576Z,-0.028533935546875
2025-04-10T03:24:23.245326596Z,-0.0273590087890625
2025-04-10T03:24:24.248494806Z,-0.027252197265625
2025-04-10T03:24:25.247910167Z,-0.02740478515625
2025-04-10T03:24:26.251600619Z,-0.0267181396484375
2025-04-10T03:24:27.255799689Z,-0.0283355712890625
2025-04-10T03:24:28.255173397Z,-0.0276641845703125
2025-04-10T03:24:29.258386627Z,-0.02880859375
2025-04-10T03:24:30.258079667Z,-0.0276336669921875
2025-04-10T03:24:31.257648167Z,-0.0274658203125
2025-04-10T03:24:32.266240109Z,-0.028167724609375
2025-04-10T03:24:33.268416373Z,-0.0278167724609375
2025-04-10T03:24:34.271906578Z,-0.0283203125
2025-04-10T03:24:35.271049061Z,-0.0291748046875
2025-04-10T03:24:36.275140201Z,-0.02899169921875
2025-04-10T03:24:37.277789453Z,-0.0287017822265625
2025-04-10T03:24:38.279139051Z,-0.027252197265625
2025-04-10T03:24:39.280938451Z,-0.0279388427734375
2025-04-10T03:24:40.281987625Z,-0.0279998779296875
2025-04-10T03:24:41.287242547Z,-0.02783203125
2025-04-10T03:24:42.289090102Z,-0.0286865234375
2025-04-10T03:24:43.291362004Z,-0.0282745361328125
2025-04-10T03:24:44.294966192Z,-0.0269317626953125
2025-04-10T03:24:45.294450046Z,-0.0280303955078125
2025-04-10T03:24:46.301316104Z,-0.027618408203125
2025-04-10T03:24:47.300777506Z,-0.0274810791015625
2025-04-10T03:24:48.302279084Z,-0.0275421142578125
2025-04-10T03:24:49.303487393Z,-0.028167724609375
2025-04-10T03:24:50.307256099Z,-0.027435302734375
2025-04-10T03:24:51.31118512Z,-0.0278778076171875
2025-04-10T03:24:52.308610608Z,-0.0279693603515625
2025-04-10T03:24:53.315483941Z,-0.0272216796875
2025-04-10T03:24:54.317045265Z,-0.027740478515625
2025-04-10T03:24:55.316400964Z,-0.0273284912109375
2025-04-10T03:24:56.321187159Z,-0.0279388427734375
2025-04-10T03:24:57.323615318Z,-0.031768798828125
2025-04-10T03:24:58.32077923Z,2.6297149658203125
2025-04-10T03:24:59.323165252Z,1.329620361328125
2025-04-10T03:25:00.325688018Z,-0.863433837890625
2025-04-10T03:25:01.33025766Z,-1.1719818115234375
2025-04-10T03:25:02.328736657Z,0.046417236328125
2025-04-10T03:25:03.335351551Z,-0.2058868408203125
2025-04-10T03:25:04.337410728Z,0.0545806884765625
2025-04-10T03:25:05.336557077Z,1.066436767578125
2025-04-10T03:25:06.339689494Z,-0.4682769775390625
2025-04-10T03:25:07.343283032Z,-0.4435272216796875
2025-04-10T03:25:08.344443663Z,-0.086212158203125
2025-04-10T03:25:09.347658962Z,-0.6296234130859375
2025-04-10T03:25:10.352459519Z,-0.622650146484375
2025-04-10T03:25:11.354625302Z,-0.6119537353515625
2025-04-10T03:25:12.354117912Z,-0.61065673828125
2025-04-10T03:25:13.359462359Z,-0.61590576171875
2025-04-10T03:25:14.363091227Z,0.2130279541015625
2025-04-10T03:25:15.36405881Z,0.1590576171875
2025-04-10T03:25:16.367330789Z,-0.1859283447265625
2025-04-10T03:25:17.369048909Z,-0.0188140869140625
2025-04-10T03:25:18.372651933Z,0.3896636962890625
2025-04-10T03:25:19.373617567Z,0.70599365234375
2025-04-10T03:25:20.377824413Z,1.7765045166015625
2025-04-10T03:25:21.379926943Z,0.4923248291015625
2025-04-10T03:25:22.378754312Z,-0.102874755859375
2025-04-10T03:25:23.384054218Z,-0.284088134765625
2025-04-10T03:25:24.386256081Z,0.024932861328125
2025-04-10T03:25:25.388761346Z,0.5933990478515625
2025-04-10T03:25:26.391753756Z,0.5420684814453125
2025-04-10T03:25:27.393197162Z,-0.4722747802734375
2025-04-10T03:25:28.392986808Z,-0.4110260009765625
2025-04-10T03:25:29.396934101Z,-0.05523681640625
2025-04-10T03:25:30.399391026Z,-0.0224761962890625
2025-04-10T03:25:31.402802843Z,0.115814208984375
2025-04-10T03:25:32.400333954Z,-0.35992431640625
2025-04-10T03:25:33.407353358Z,-0.3715972900390625
2025-04-10T03:25:34.410864539Z,-0.1587677001953125
2025-04-10T03:25:35.41236443Z,-0.0335845947265625
2025-04-10T03:25:36.41375597Z,0.3291015625
2025-04-10T03:25:37.415548138Z,0.3330535888671875
2025-04-10T03:25:38.41891195Z,-0.4058074951171875
2025-04-10T03:25:39.421466085Z,-0.18560791015625
2025-04-10T03:25:40.424830101Z,0.0802459716796875
2025-04-10T03:25:41.426448151Z,-0.062774658203125
2025-04-10T03:25:42.432418588Z,0.4461212158203125
2025-04-10T03:25:43.431774952Z,-0.027923583984375
2025-04-10T03:25:44.443805361Z,0.2317352294921875
2025-04-10T03:25:45.430732309Z,-0.9598541259765625
2025-04-10T03:25:46.438393268Z,-0.1607666015625
2025-04-10T03:25:47.437764306Z,-0.0962066650390625
2025-04-10T03:25:48.443480701Z,0.36871337890625
2025-04-10T03:25:49.444411135Z,0.489410400390625
2025-04-10T03:25:50.444506858Z,-0.9140472412109375
2025-04-10T03:25:51.449579838Z,-0.3187408447265625
2025-04-10T03:25:52.451206403Z,-0.0608673095703125
2025-04-10T03:25:53.454571462Z,0.270172119140625
2025-04-10T03:25:54.458072855Z,0.522613525390625
2025-04-10T03:25:55.459662151Z,0.42547607421875
2025-04-10T03:25:56.46097648Z,0.3374176025390625
2025-04-10T03:25:57.463276812Z,-0.206756591796875
2025-04-10T03:25:58.4667401Z,-0.0516815185546875
2025-04-10T03:25:59.468222978Z,-0.068145751953125
2025-04-10T03:26:00.469764753Z,0.3009185791015625
2025-04-10T03:26:01.473483993Z,0.5352783203125
2025-04-10T03:26:02.47160179Z,0.65814208984375
2025-04-10T03:26:03.481719713Z,-0.4056854248046875
2025-04-10T03:26:04.484113161Z,-0.120208740234375
2025-04-10T03:26:05.484362533Z,-0.047607421875
2025-04-10T03:26:06.486564554Z,0.26995849609375
2025-04-10T03:26:07.488347552Z,-0.3585968017578125
2025-04-10T03:26:08.48859329Z,-0.1745452880859375
2025-04-10T03:26:09.49179419Z,-0.3256683349609375
2025-04-10T03:26:10.49418334Z,0.09381103515625
2025-04-10T03:26:11.498408778Z,0.0606842041015625
2025-04-10T03:26:12.498107598Z,-0.6049346923828125
2025-04-10T03:26:13.502657444Z,-0.062042236328125
2025-04-10T03:26:14.504818129Z,0.113311767578125
2025-04-10T03:26:15.505571097Z,0.141082763671875
2025-04-10T03:26:16.510215491Z,-0.285400390625
2025-04-10T03:26:17.509054024Z,-0.23468017578125
2025-04-10T03:26:18.511949124Z,0.0654754638671875
2025-04-10T03:26:19.512751694Z,-0.2162017822265625
2025-04-10T03:26:20.519965437Z,-0.2402191162109375
2025-04-10T03:26:21.521830148Z,-0.2580718994140625
2025-04-10T03:26:22.521414394Z,-0.27313232421875
2025-04-10T03:26:23.523727443Z,-0.2522430419921875
2025-04-10T03:26:24.526466024Z,-0.249298095703125
2025-04-10T03:26:25.528597497Z,-0.2547149658203125
2025-04-10T03:26:26.532536204Z,-0.2558441162109375
2025-04-10T03:26:27.534808915Z,-0.2435455322265625
2025-04-10T03:26:28.535307752Z,-0.256256103515625
2025-04-10T03:26:29.536013913Z,-0.22509765625
2025-04-10T03:26:30.541157604Z,-0.244781494140625
2025-04-10T03:26:31.542256448Z,-0.2464599609375
2025-04-10T03:26:32.54161449Z,-0.257049560546875
2025-04-10T03:26:33.547144125Z,-0.24560546875
2025-04-10T03:26:34.547079997Z,-0.2822113037109375
2025-04-10T03:26:35.552315307Z,-0.2585296630859375
2025-04-10T03:26:36.554557485Z,-0.2609100341796875
2025-04-10T03:26:37.554776033Z,-0.2536163330078125
2025-04-10T03:26:38.554952737Z,-0.262603759765625
2025-04-10T03:26:39.559556167Z,-0.268890380859375
2025-04-10T03:26:40.562425811Z,-0.256866455078125
2025-04-10T03:26:41.564880443Z,-0.2569122314453125
2025-04-10T03:26:42.565787386Z,-0.2792816162109375
2025-04-10T03:26:43.567027248Z,-0.288726806640625
2025-04-10T03:26:44.5720298Z,-0.29315185546875
2025-04-10T03:26:45.572920869Z,-0.33941650390625
2025-04-10T03:26:46.573098658Z,-0.27850341796875
2025-04-10T03:26:47.576473723Z,-0.2720489501953125
2025-04-10T03:26:48.576584702Z,0.08917236328125
2025-04-10T03:26:49.581659497Z,0.4913177490234375
2025-04-10T03:26:50.583621337Z,1.7484588623046875
2025-04-10T03:26:51.58724256Z,-0.1292877197265625
2025-04-10T03:26:52.589377294Z,-0.244415283203125
2025-04-10T03:26:53.591670109Z,-0.22491455078125
2025-04-10T03:26:54.593784415Z,-0.2042083740234375
2025-04-10T03:26:55.598013826Z,-0.202117919921875
2025-04-10T03:26:56.595981055Z,-0.1420135498046875
2025-04-10T03:26:57.599204088Z,2.0114288330078125
2025-04-10T03:26:58.602311772Z,0.407318115234375
2025-04-10T03:26:59.602892603Z,0.1734619140625
2025-04-10T03:27:00.606085253Z,0.6173248291015625
2025-04-10T03:27:01.610818469Z,0.6617584228515625
2025-04-10T03:27:02.605586285Z,-0.2301483154296875
2025-04-10T03:27:03.615992774Z,-0.023681640625
2025-04-10T03:27:04.619607195Z,0.5115966796875
2025-04-10T03:27:05.621200754Z,0.5169677734375
2025-04-10T03:27:06.623472889Z,-0.14239501953125
2025-04-10T03:27:07.623984378Z,0.051239013671875
2025-04-10T03:27:08.628976069Z,0.2711639404296875
2025-04-10T03:27:09.630217866Z,0.507080078125
2025-04-10T03:27:10.63017117Z,-0.1881256103515625
2025-04-10T03:27:11.633249846Z,0.0101470947265625
2025-04-10T03:27:12.636665998Z,-0.03411865234375
2025-04-10T03:27:13.638807833Z,0.0513153076171875
2025-04-10T03:27:14.641200908Z,0.5025482177734375
2025-04-10T03:27:15.643601824Z,-0.3549346923828125
2025-04-10T03:27:16.646131851Z,0.083038330078125
2025-04-10T03:27:17.6496686Z,0.698577880859375
2025-04-10T03:27:18.662454448Z,0.4253387451171875
2025-04-10T03:27:19.671448675Z,-0.0559539794921875
2025-04-10T03:27:20.672885533Z,0.3507843017578125
2025-04-10T03:27:21.67820318Z,0.3706817626953125
2025-04-10T03:27:22.681605749Z,-0.0089569091796875
2025-04-10T03:27:23.680845831Z,-0.364410400390625
2025-04-10T03:27:24.69768054Z,0.1537933349609375
2025-04-10T03:27:25.687672265Z,-0.158355712890625
2025-04-10T03:27:26.686913073Z,0.554290771484375
2025-04-10T03:27:27.692956649Z,0.0024871826171875
2025-04-10T03:27:28.694557276Z,-0.414947509765625
2025-04-10T03:27:29.697655934Z,0.2993316650390625
2025-04-10T03:27:30.6986508Z,-0.1784820556640625
2025-04-10T03:27:31.700719401Z,0.16064453125
2025-04-10T03:27:32.702765414Z,0.1174163818359375
2025-04-10T03:27:33.708588153Z,0.0904083251953125
2025-04-10T03:27:34.709888974Z,-0.092987060546875
2025-04-10T03:27:35.713009175Z,0.0460052490234375
2025-04-10T03:27:36.714548501Z,0.469024658203125
2025-04-10T03:27:37.716315352Z,-0.0978851318359375
2025-04-10T03:27:38.717654587Z,0.739288330078125
2025-04-10T03:27:39.722193393Z,-0.1048583984375
2025-04-10T03:27:40.723430912Z,0.2304229736328125
2025-04-10T03:27:41.725361221Z,0.1357421875
2025-04-10T03:27:42.724575757Z,-0.07525634765625
2025-04-10T03:27:43.732374483Z,0.32098388671875
2025-04-10T03:27:44.732688557Z,-0.1012420654296875
2025-04-10T03:27:45.732929014Z,0.22222900390625
2025-04-10T03:27:46.739709269Z,-0.09716796875
2025-04-10T03:27:47.741876219Z,0.7776641845703125
2025-04-10T03:27:48.744412205Z,-0.0305633544921875
2025-04-10T03:27:49.748143657Z,0.4786834716796875
2025-04-10T03:27:50.746504406Z,-0.0411529541015625
2025-04-10T03:27:51.752224722Z,0.7246551513671875
2025-04-10T03:27:52.750743635Z,-0.0806121826171875
2025-04-10T03:27:53.756041816Z,1.0760498046875
2025-04-10T03:27:54.760660791Z,0.044677734375
2025-04-10T03:27:55.762830371Z,0.875
2025-04-10T03:27:56.762462154Z,0.1332244873046875
2025-04-10T03:27:57.765398472Z,0.7811126708984375
2025-04-10T03:27:58.769641398Z,0.0124664306640625
2025-04-10T03:27:59.771926882Z,0.0848541259765625
2025-04-10T03:28:00.771406528Z,-0.153289794921875
2025-04-10T03:28:01.78713187Z,0.8417510986328125
2025-04-10T03:28:02.775940212Z,-0.22625732421875
2025-04-10T03:28:03.961728382Z,-0.1602630615234375
2025-04-10T03:28:04.783631902Z,0.2469482421875
2025-04-10T03:28:05.786530472Z,0.623077392578125
2025-04-10T03:28:06.785876678Z,0.8677978515625
2025-04-10T03:28:07.792184866Z,1.69976806640625
2025-04-10T03:28:08.791574919Z,-0.440826416015625
2025-04-10T03:28:09.793688635Z,0.230499267578125
2025-04-10T03:28:10.800152772Z,0.931793212890625
2025-04-10T03:28:11.797153744Z,0.1727752685546875
2025-04-10T03:28:12.798716643Z,0.699066162109375
2025-04-10T03:28:13.802381411Z,-0.46051025390625
2025-04-10T03:28:14.807912479Z,0.237152099609375
2025-04-10T03:28:15.811956962Z,1.6427154541015625
2025-04-10T03:28:16.813192416Z,0.0503387451171875
2025-04-10T03:28:17.814688994Z,0.1854095458984375
2025-04-10T03:28:18.818464466Z,1.669952392578125
2025-04-10T03:28:19.819526913Z,0.262725830078125
2025-04-10T03:28:20.825493457Z,0.258880615234375
2025-04-10T03:28:21.826755978Z,1.450653076171875
2025-04-10T03:28:22.823120116Z,0.204803466796875
2025-04-10T03:28:23.832064721Z,0.9208984375
2025-04-10T03:28:24.847074754Z,0.132568359375
2025-04-10T03:28:25.851384267Z,1.0145416259765625
2025-04-10T03:28:26.852798681Z,0.439178466796875
2025-04-10T03:28:27.854690432Z,0.9568939208984375
2025-04-10T03:28:28.858665462Z,0.51361083984375
2025-04-10T03:28:29.862946981Z,0.746307373046875
2025-04-10T03:28:30.863800446Z,-0.00341796875
2025-04-10T03:28:31.86530172Z,0.2111358642578125
2025-04-10T03:28:32.87900714Z,0.0543365478515625
2025-04-10T03:28:33.872980062Z,0.4841766357421875
2025-04-10T03:28:34.876906126Z,0.504364013671875
2025-04-10T03:28:35.877532921Z,0.1107025146484375
2025-04-10T03:28:36.880223175Z,0.1591033935546875
2025-04-10T03:28:37.881744514Z,-0.326873779296875
2025-04-10T03:28:38.88691495Z,-0.0602264404296875
2025-04-10T03:28:39.888071498Z,1.364898681640625
2025-04-10T03:28:40.890400233Z,-1.674774169921875
2025-04-10T03:28:41.890677946Z,7.2378997802734375
2025-04-10T03:28:42.890190985Z,1.8993377685546875
2025-04-10T03:28:43.895609735Z,1.16632080078125
2025-04-10T03:28:44.898781402Z,-0.4330596923828125
2025-04-10T03:28:45.902466898Z,0.7769012451171875
2025-04-10T03:28:46.905812043Z,-0.7497711181640625
2025-04-10T03:28:47.909022835Z,-0.642303466796875
2025-04-10T03:28:48.909266389Z,-0.3681488037109375
2025-04-10T03:28:49.912875268Z,0.50897216796875
2025-04-10T03:28:50.916470599Z,0.8575439453125
2025-04-10T03:28:51.91928433Z,0.1715087890625
2025-04-10T03:28:52.925753095Z,0.0918731689453125
2025-04-10T03:28:53.92355557Z,1.12725830078125
2025-04-10T03:28:54.924686299Z,0.1771087646484375
2025-04-10T03:28:55.928892978Z,0.0702362060546875
2025-04-10T03:28:56.932283367Z,1.29351806640625
2025-04-10T03:28:57.933027033Z,0.0051116943359375
2025-04-10T03:28:58.93733194Z,0.5961761474609375
2025-04-10T03:28:59.937908623Z,0.705169677734375
2025-04-10T03:29:00.940634676Z,-0.043060302734375
2025-04-10T03:29:01.943405716Z,0.1425018310546875
2025-04-10T03:29:02.945025809Z,0.09765625
2025-04-10T03:29:03.968990002Z,-0.077392578125
2025-04-10T03:29:04.954827024Z,-0.0279998779296875
2025-04-10T03:29:05.954327291Z,-0.0546875
2025-04-10T03:29:06.953906714Z,-0.026947021484375
2025-04-10T03:29:07.956910327Z,-0.035736083984375
2025-04-10T03:29:08.962254206Z,0.199737548828125
2025-04-10T03:29:09.964932893Z,0.062530517578125
2025-04-10T03:29:10.966872569Z,-0.107513427734375
2025-04-10T03:29:11.969955581Z,0.37054443359375
2025-04-10T03:29:12.973108233Z,-0.2725372314453125
2025-04-10T03:29:13.976456073Z,0.0247650146484375
2025-04-10T03:29:14.97814053Z,1.1570892333984375
2025-04-10T03:29:15.979513854Z,0.1793212890625
2025-04-10T03:29:16.98058822Z,-0.0542144775390625
2025-04-10T03:29:17.985910215Z,0.977081298828125
2025-04-10T03:29:18.987694575Z,0.149993896484375
2025-04-10T03:29:19.990787011Z,-0.0926513671875
2025-04-10T03:29:20.992325216Z,-0.0420074462890625
2025-04-10T03:29:21.993929206Z,-0.3162384033203125
2025-04-10T03:29:22.996752533Z,0.7154998779296875
2025-04-10T03:29:24.011696427Z,0.1705169677734375
2025-04-10T03:29:25.002945764Z,0.0709228515625
2025-04-10T03:29:26.007368577Z,0.399017333984375
2025-04-10T03:29:27.004943148Z,-0.047637939453125
2025-04-10T03:29:28.011814379Z,0.66363525390625
2025-04-10T03:29:29.015320586Z,0.0606689453125
2025-04-10T03:29:30.013817697Z,-0.160186767578125
2025-04-10T03:29:31.030527377Z,0.7511749267578125
2025-04-10T03:29:32.022325827Z,-0.0924835205078125
2025-04-10T03:29:33.018666846Z,-0.072540283203125
2025-04-10T03:29:34.028493928Z,-0.5195465087890625
2025-04-10T03:29:35.029551124Z,0.1766204833984375
2025-04-10T03:29:36.03023772Z,-0.10107421875
2025-04-10T03:29:37.034049984Z,0.155975341796875
2025-04-10T03:29:38.035463439Z,-0.28192138671875
2025-04-10T03:29:39.03702009Z,-0.1764984130859375
2025-04-10T03:29:40.041598836Z,0.1465301513671875
2025-04-10T03:29:41.044964958Z,0.15240478515625
2025-04-10T03:29:42.042712613Z,0.1395416259765625
2025-04-10T03:29:43.061349666Z,0.1495208740234375
2025-04-10T03:29:44.051708969Z,0.04425048828125
2025-04-10T03:29:45.056182147Z,0.006072998046875
2025-04-10T03:29:46.052202917Z,0.0198516845703125
2025-04-10T03:29:47.05910327Z,0.07763671875
2025-04-10T03:29:48.060565195Z,0.02374267578125
2025-04-10T03:29:49.062783979Z,0.012725830078125
2025-04-10T03:29:50.067898817Z,0.034393310546875
2025-04-10T03:29:51.068538821Z,0.0231781005859375
2025-04-10T03:29:52.073240262Z,0.028961181640625
2025-04-10T03:29:53.068974544Z,0.023406982421875
2025-04-10T03:29:54.080870394Z,0.0252838134765625
2025-04-10T03:29:55.083540282Z,0.0026397705078125
2025-04-10T03:29:56.084121872Z,-0.1541900634765625
2025-04-10T03:29:57.088965264Z,-0.1020660400390625
2025-04-10T03:29:58.08165867Z,-0.1295013427734375
2025-04-10T03:29:59.087262469Z,-0.1623992919921875
2025-04-10T03:30:00.088167005Z,0.2886810302734375
2025-04-10T03:30:01.093770712Z,-0.0790252685546875
2025-04-10T03:30:02.09327009Z,-0.2134552001953125
2025-04-10T03:30:03.094332194Z,-0.137054443359375
2025-04-10T03:30:04.100839226Z,0.57012939453125
2025-04-10T03:30:05.098252682Z,0.149932861328125
2025-04-10T03:30:06.104045897Z,-0.1224212646484375
2025-04-10T03:30:07.108762074Z,0.392120361328125
2025-04-10T03:30:08.108555042Z,0.63616943359375
2025-04-10T03:30:09.110615508Z,-0.07159423828125
2025-04-10T03:30:10.112911822Z,0.023193359375
2025-04-10T03:30:11.114868353Z,0.849334716796875
2025-04-10T03:30:12.118273465Z,0.8321380615234375
2025-04-10T03:30:13.115630556Z,-0.127288818359375
2025-04-10T03:30:14.120822014Z,0.05511474609375
2025-04-10T03:30:15.123932967Z,0.2486419677734375
2025-04-10T03:30:16.126091396Z,0.002410888671875
2025-04-10T03:30:17.128779023Z,-0.1450347900390625
2025-04-10T03:30:18.145985357Z,0.06829833984375
2025-04-10T03:30:19.15062072Z,-0.2667999267578125
2025-04-10T03:30:20.150705457Z,0.2595367431640625
2025-04-10T03:30:21.154774088Z,0.2238006591796875
2025-04-10T03:30:22.159110065Z,-0.2710723876953125
2025-04-10T03:30:23.156302692Z,0.82916259765625
2025-04-10T03:30:24.161547451Z,0.3383636474609375
2025-04-10T03:30:25.164749901Z,-0.4326171875
2025-04-10T03:30:26.164969621Z,-0.1479644775390625
2025-04-10T03:30:27.165207308Z,-0.162384033203125
2025-04-10T03:30:28.171004769Z,0.438323974609375
2025-04-10T03:30:29.173666855Z,0.319183349609375
2025-04-10T03:30:30.173876004Z,0.045623779296875
2025-04-10T03:30:31.195235804Z,-0.0214691162109375
2025-04-10T03:30:32.178112266Z,-0.0819549560546875
2025-04-10T03:30:33.178924712Z,0.9280853271484375
2025-04-10T03:30:34.181490671Z,0.1468963623046875
2025-04-10T03:30:35.185889438Z,0.780487060546875
2025-04-10T03:30:36.188198423Z,0.9272003173828125
2025-04-10T03:30:37.190504582Z,0.1322174072265625
2025-04-10T03:30:38.194186253Z,0.090057373046875
2025-04-10T03:30:39.195644045Z,-0.060516357421875
2025-04-10T03:30:40.199054975Z,1.0211029052734375
2025-04-10T03:30:41.199455096Z,0.4667510986328125
2025-04-10T03:30:42.20197029Z,-0.148590087890625
2025-04-10T03:30:43.20221846Z,0.0373077392578125
2025-04-10T03:30:44.205583701Z,1.200164794921875
2025-04-10T03:30:45.208443406Z,1.1556396484375
2025-04-10T03:30:46.209632937Z,0.1118316650390625
2025-04-10T03:30:47.213109323Z,0.0567169189453125
2025-04-10T03:30:48.214416875Z,0.8685760498046875
2025-04-10T03:30:49.218219457Z,0.326904296875
2025-04-10T03:30:50.221046796Z,-0.11492919921875
2025-04-10T03:30:51.222762507Z,0.1424560546875
2025-04-10T03:30:52.224821918Z,0.4235382080078125
2025-04-10T03:30:53.224733899Z,0.403228759765625
2025-04-10T03:30:54.230196542Z,0.134613037109375
2025-04-10T03:30:55.230135228Z,0.040496826171875
2025-04-10T03:30:56.235464849Z,0.144012451171875
2025-04-10T03:30:57.238629876Z,-0.017791748046875
2025-04-10T03:30:58.237438138Z,1.012969970703125
2025-04-10T03:30:59.239497397Z,0.835235595703125
2025-04-10T03:31:00.240793428Z,0.375274658203125
2025-04-10T03:31:01.244103476Z,0.06683349609375
2025-04-10T03:31:02.248523412Z,0.6845855712890625
2025-04-10T03:31:03.2488614Z,0.4412078857421875
2025-04-10T03:31:04.252171607Z,0.04266357421875
2025-04-10T03:31:05.250274774Z,0.1088104248046875
2025-04-10T03:31:06.256525951Z,0.8173828125
2025-04-10T03:31:07.256368466Z,-0.0001220703125
2025-04-10T03:31:08.261185961Z,-0.0080413818359375
2025-04-10T03:31:09.261545486Z,0.1696929931640625
2025-04-10T03:31:10.262392892Z,-0.6639404296875
2025-04-10T03:31:11.266024446Z,0.529296875
2025-04-10T03:31:12.269617177Z,0.400299072265625
2025-04-10T03:31:13.268723957Z,0.054595947265625
2025-04-10T03:31:14.273773955Z,0.027435302734375
2025-04-10T03:31:15.275124001Z,0.4351654052734375
2025-04-10T03:31:16.276561014Z,-0.122894287109375
2025-04-10T03:31:17.280181176Z,-0.13800048828125
2025-04-10T03:31:18.280757759Z,-0.067047119140625
2025-04-10T03:31:19.284084637Z,0.6146697998046875
2025-04-10T03:31:20.285422728Z,0.5235443115234375
2025-04-10T03:31:21.285880186Z,0.4726104736328125
2025-04-10T03:31:22.290485571Z,0.62567138671875
2025-04-10T03:31:23.291374805Z,0.311431884765625
2025-04-10T03:31:24.29530142Z,0.74859619140625
2025-04-10T03:31:25.296127766Z,0.093048095703125
2025-04-10T03:31:26.299290536Z,0.9110260009765625
2025-04-10T03:31:27.30272799Z,0.7184295654296875
2025-04-10T03:31:28.300740681Z,-0.0159454345703125
2025-04-10T03:31:29.305909468Z,0.23089599609375
2025-04-10T03:31:30.307029962Z,0.2918853759765625
2025-04-10T03:31:31.31092973Z,0.06732177734375
2025-04-10T03:31:32.311748894Z,0.1439361572265625
2025-04-10T03:31:33.311546739Z,-0.12896728515625
2025-04-10T03:31:34.323943371Z,0.137451171875
2025-04-10T03:31:35.320455437Z,0.5416107177734375
2025-04-10T03:31:36.321642782Z,0.5963897705078125
2025-04-10T03:31:37.325655409Z,0.0705108642578125
2025-04-10T03:31:38.32698665Z,0.1587066650390625
2025-04-10T03:31:39.329468158Z,0.8283233642578125
2025-04-10T03:31:40.331305538Z,0.2716522216796875
2025-04-10T03:31:41.333035973Z,0.2096099853515625
2025-04-10T03:31:42.333338058Z,-0.160186767578125
2025-04-10T03:31:43.334834967Z,-0.0443115234375
2025-04-10T03:31:44.34181162Z,-0.0430145263671875
2025-04-10T03:31:45.34202769Z,-0.04327392578125
2025-04-10T03:31:46.346354716Z,-0.04290771484375
2025-04-10T03:31:47.353571898Z,-0.0437164306640625
2025-04-10T03:31:48.354801379Z,-0.0437469482421875
2025-04-10T03:31:49.360095751Z,-0.0431671142578125
2025-04-10T03:31:50.361683448Z,-0.043426513671875
2025-04-10T03:31:51.363297758Z,-0.0433349609375
2025-04-10T03:31:52.36695714Z,-0.044403076171875
2025-04-10T03:31:53.369054449Z,-0.044097900390625
2025-04-10T03:31:54.371819502Z,-0.044525146484375
2025-04-10T03:31:55.375759457Z,-0.0434112548828125
2025-04-10T03:31:56.376470425Z,-0.043792724609375
2025-04-10T03:31:57.367152902Z,-0.04400634765625
2025-04-10T03:31:58.372275208Z,-0.043701171875
2025-04-10T03:31:59.379237136Z,-0.04425048828125
2025-04-10T03:32:00.386671507Z,-0.043060302734375
2025-04-10T03:32:01.385054386Z,-0.044158935546875
2025-04-10T03:32:02.39016057Z,-0.0433502197265625
2025-04-10T03:32:03.387643013Z,-0.0448760986328125
2025-04-10T03:32:04.393858359Z,-0.042938232421875
2025-04-10T03:32:05.403106363Z,-0.044769287109375
2025-04-10T03:32:06.402387407Z,-0.043243408203125
2025-04-10T03:32:07.404102664Z,-0.04376220703125
2025-04-10T03:32:08.403289234Z,-0.0436248779296875
