Timestamp,X,Y,Z
2025-05-05 20:35:44.864511,0,0,0
2025-05-05 20:35:44.867734,-0.0399627685546875,-0.0551300048828125,-0.992889404296875
2025-05-05 20:35:45.889917,-0.0408477783203125,-0.0558929443359375,-0.99273681640625
2025-05-05 20:35:48.512490,-0.0388031005859375,-0.05596923828125,-0.9935150146484375
2025-05-05 20:35:49.562501,-0.041046142578125,-0.055816650390625,-0.9951629638671875
2025-05-05 20:35:50.596211,-0.041595458984375,-0.0555572509765625,-0.99444580078125
2025-05-05 20:35:51.650727,-0.0418243408203125,-0.0558319091796875,-0.9936676025390625
2025-05-05 20:35:52.653122,-0.04180908203125,-0.0561981201171875,-0.99444580078125
2025-05-05 20:35:53.706564,-0.0420074462890625,-0.055999755859375,-0.9930877685546875
2025-05-05 20:35:54.711569,-0.04266357421875,-0.0565185546875,-0.994049072265625
2025-05-05 20:35:55.762123,-0.0426025390625,-0.0561676025390625,-0.9915771484375
2025-05-05 20:35:56.783893,-0.0418548583984375,-0.05657958984375,-0.992462158203125
2025-05-05 20:35:58.847618,-0.042755126953125,-0.0560302734375,-0.9945220947265625
2025-05-05 20:35:59.900797,-0.041748046875,-0.055694580078125,-0.99346923828125
2025-05-05 20:36:00.853447,-0.0415802001953125,-0.0557098388671875,-0.9923858642578125
2025-05-05 20:36:01.893788,-0.04168701171875,-0.0557708740234375,-0.99298095703125
2025-05-05 20:36:03.004431,-0.0419464111328125,-0.0561370849609375,-0.9945220947265625
2025-05-05 20:36:04.027063,-0.040374755859375,-0.0562744140625,-0.9931640625
2025-05-05 20:36:05.046027,-0.039581298828125,-0.0558319091796875,-0.9945526123046875
2025-05-05 20:36:06.049870,-0.037841796875,-0.0590972900390625,-0.976654052734375
2025-05-05 20:36:07.068700,-1.21807861328125,-0.2480316162109375,-3.282440185546875
2025-05-05 20:36:08.098408,-0.0996856689453125,0.3495025634765625,0.57513427734375
2025-05-05 20:36:09.111831,1.4112548828125,-0.06304931640625,-2.0733489990234375
2025-05-05 20:36:10.124324,-0.0305023193359375,1.865386962890625,-4.117401123046875
2025-05-05 20:36:11.158076,7.821990966796875,3.8113555908203125,-1.5287933349609375
2025-05-05 20:36:12.208177,-1.7054443359375,-1.6122589111328125,-6.97991943359375
2025-05-05 20:36:13.223583,1.6224517822265625,0.8950347900390625,-3.8465118408203125
2025-05-05 20:36:14.242276,0.836700439453125,1.6247711181640625,-0.55596923828125
2025-05-05 20:36:15.276483,6.092041015625,-1.94696044921875,-2.9721527099609375
2025-05-05 20:36:16.301252,-3.05242919921875,4.779449462890625,0.9240875244140625
2025-05-05 20:36:17.335274,5.5012054443359375,-1.467864990234375,-2.69842529296875
2025-05-05 20:36:18.368504,-2.6506195068359375,4.3641357421875,-0.3990631103515625
2025-05-05 20:36:19.382246,5.5665740966796875,1.527862548828125,-5.5176849365234375
2025-05-05 20:36:20.388458,-2.8030853271484375,3.6330108642578125,0.5706634521484375
2025-05-05 20:36:21.433093,4.947662353515625,0.4192962646484375,-4.0761260986328125
2025-05-05 20:36:22.487021,-0.785552978515625,2.0101776123046875,-0.2528228759765625
2025-05-05 20:36:23.514597,2.0084381103515625,3.5425262451171875,-2.910247802734375
2025-05-05 20:36:24.545619,0.74578857421875,0.13458251953125,-1.234100341796875
2025-05-05 20:36:25.611418,-0.13787841796875,-0.334228515625,-0.8503570556640625
2025-05-05 20:36:26.658996,0.3061370849609375,-0.1817626953125,-1.0350189208984375
2025-05-05 20:36:27.680132,-0.0792999267578125,-0.3367919921875,-0.8336029052734375
2025-05-05 20:36:28.727622,0.0807037353515625,-0.092437744140625,-1.0474853515625
2025-05-05 20:36:29.732016,0.0536041259765625,-0.114410400390625,-1.01519775390625
2025-05-05 20:36:30.735015,-0.1487274169921875,-0.26654052734375,-0.9521331787109375
2025-05-05 20:36:31.740254,-0.0419769287109375,-0.089141845703125,-0.997100830078125
2025-05-05 20:36:32.757634,0.117401123046875,-0.141998291015625,-0.9811859130859375
2025-05-05 20:36:33.791810,-0.08544921875,-0.2913360595703125,-0.9485931396484375
2025-05-05 20:36:34.812809,0.1457366943359375,-0.1640777587890625,-0.9812469482421875
2025-05-05 20:36:35.862274,0.0852508544921875,-0.04498291015625,-1.02850341796875
2025-05-05 20:36:36.883872,-0.1681671142578125,-0.2444000244140625,-0.9185791015625
2025-05-05 20:36:37.907322,-0.026123046875,-0.0244140625,-1.040252685546875
2025-05-05 20:36:38.931817,0.0399322509765625,-0.1324462890625,-1.0075225830078125
2025-05-05 20:36:39.939062,-0.261932373046875,-0.130645751953125,-0.9100189208984375
2025-05-05 20:36:40.981579,0.0702362060546875,-0.15228271484375,-0.9981689453125
2025-05-05 20:36:42.001758,-0.1434783935546875,-0.086456298828125,-0.9671173095703125
2025-05-05 20:36:43.025076,0.0503692626953125,-0.0149688720703125,-1.0442962646484375
2025-05-05 20:36:44.005308,-0.203460693359375,-0.1195526123046875,-1.0014190673828125
2025-05-05 20:36:45.085699,0.0353851318359375,-0.1246490478515625,-0.9999847412109375
2025-05-05 20:36:46.119098,-0.080047607421875,-0.02239990234375,-0.986114501953125
2025-05-05 20:36:47.173408,0.3432769775390625,0.117645263671875,-1.078125
2025-05-05 20:36:48.224423,-0.0768280029296875,-0.085540771484375,-0.9721221923828125
2025-05-05 20:36:49.271401,0.176727294921875,-0.136749267578125,-0.987152099609375
2025-05-05 20:36:50.271386,-0.3542633056640625,-0.0552978515625,-0.8910980224609375
2025-05-05 20:36:51.320587,0.1908721923828125,-0.2292938232421875,-0.981109619140625
2025-05-05 20:36:52.340888,-0.3433685302734375,0.08819580078125,-0.904327392578125
2025-05-05 20:36:53.356244,0.2700653076171875,0.0191650390625,-1.065216064453125
2025-05-05 20:36:54.385811,-0.049041748046875,0.3209228515625,-1.0111236572265625
2025-05-05 20:36:55.434558,0.2372589111328125,0.2511444091796875,-1.0185699462890625
2025-05-05 20:36:56.455019,0.395721435546875,0.301361083984375,-1.080352783203125
2025-05-05 20:36:57.482111,-0.1527862548828125,0.255126953125,-0.8187408447265625
2025-05-05 20:36:58.500181,0.426300048828125,-0.06671142578125,-1.0249786376953125
2025-05-05 20:36:59.538338,-0.276092529296875,0.056060791015625,-1.0672454833984375
2025-05-05 20:37:00.586573,0.515350341796875,0.0421600341796875,-1.1131134033203125
2025-05-05 20:37:01.605779,-0.1197967529296875,0.499420166015625,-0.8361968994140625
2025-05-05 20:37:02.627196,0.4289703369140625,0.2714996337890625,-0.9170074462890625
2025-05-05 20:37:03.644575,0.452789306640625,0.3760986328125,-0.9673919677734375
2025-05-05 20:37:04.694477,0.3686676025390625,0.267364501953125,-0.9479217529296875
2025-05-05 20:37:05.716862,0.7667694091796875,-0.11553955078125,-0.644744873046875
2025-05-05 20:37:06.754325,-0.223175048828125,-0.0995941162109375,-0.7736968994140625
2025-05-05 20:37:07.790263,-0.13568115234375,-0.0605010986328125,-0.9835205078125
2025-05-05 20:37:08.799622,-0.1569061279296875,-0.06475830078125,-0.97711181640625
2025-05-05 20:37:09.838437,-0.1194610595703125,-0.1033935546875,-0.974822998046875
2025-05-05 20:37:10.886968,-0.134857177734375,-0.0930328369140625,-0.982513427734375
2025-05-05 20:37:11.918988,-0.130340576171875,-0.0910491943359375,-0.982025146484375
2025-05-05 20:37:12.982318,-0.1239013671875,-0.0869903564453125,-0.98291015625
2025-05-05 20:37:13.995240,-0.1248321533203125,-0.08740234375,-0.983673095703125
2025-05-05 20:37:15.039286,-0.1233978271484375,-0.0868682861328125,-0.98486328125
2025-05-05 20:37:16.094265,-0.1210784912109375,-0.08563232421875,-0.9834747314453125
2025-05-05 20:37:17.123801,-0.121551513671875,-0.085418701171875,-0.9846038818359375
2025-05-05 20:37:18.221552,-0.121826171875,-0.08544921875,-0.984466552734375
2025-05-05 20:37:19.225789,-0.120697021484375,-0.0865631103515625,-0.98382568359375
2025-05-05 20:37:20.242508,-0.12158203125,-0.08831787109375,-0.9859161376953125
2025-05-05 20:37:21.245599,-0.122589111328125,-0.086212158203125,-0.9853363037109375
2025-05-05 20:37:22.303974,-0.1212005615234375,-0.085235595703125,-0.98370361328125
2025-05-05 20:37:23.309400,-0.116546630859375,-0.0829010009765625,-0.98590087890625
2025-05-05 20:37:24.313495,-0.11395263671875,-0.0796966552734375,-0.986175537109375
2025-05-05 20:37:25.373282,-0.111480712890625,-0.0785369873046875,-0.98779296875
2025-05-05 20:37:26.437052,-0.1112823486328125,-0.079437255859375,-0.9873504638671875
2025-05-05 20:37:27.456794,-0.1131591796875,-0.07965087890625,-0.986724853515625
2025-05-05 20:37:28.494578,-0.1126556396484375,-0.0802001953125,-0.9864044189453125
2025-05-05 20:37:29.549894,-0.113250732421875,-0.0800628662109375,-0.9865570068359375
2025-05-05 20:37:30.571935,-0.109161376953125,-0.078338623046875,-0.9858551025390625
2025-05-05 20:37:31.571452,-0.1103973388671875,-0.077056884765625,-0.986541748046875
2025-05-05 20:37:32.586753,-0.109222412109375,-0.0773162841796875,-0.987152099609375
2025-05-05 20:37:33.637689,-0.1092071533203125,-0.0780487060546875,-0.9870758056640625
2025-05-05 20:37:34.646727,-0.1089630126953125,-0.076904296875,-0.987457275390625
2025-05-05 20:37:35.705200,-0.1092529296875,-0.07672119140625,-0.9875335693359375
2025-05-05 20:37:37.754071,-0.108856201171875,-0.078338623046875,-0.98614501953125
2025-05-05 20:37:38.763391,-0.108673095703125,-0.077392578125,-0.9873504638671875
2025-05-05 20:37:39.818891,-0.1087646484375,-0.07769775390625,-0.986419677734375
2025-05-05 20:37:40.855254,-0.108154296875,-0.078643798828125,-0.9878997802734375
2025-05-05 20:37:41.906874,-0.1087493896484375,-0.077545166015625,-0.9862823486328125
2025-05-05 20:37:42.944622,-0.1083984375,-0.076995849609375,-0.9859771728515625
2025-05-05 20:37:44.001688,-0.1075897216796875,-0.0770111083984375,-0.986297607421875
2025-05-05 20:37:45.038221,-0.1118927001953125,-0.0783233642578125,-0.986785888671875
2025-05-05 20:37:46.040276,-0.106964111328125,-0.076873779296875,-0.9877777099609375
2025-05-05 20:37:47.060867,-0.1292266845703125,-0.08587646484375,-0.982452392578125
2025-05-05 20:37:48.069567,-0.118927001953125,-0.0825347900390625,-0.985137939453125
2025-05-05 20:37:49.125386,-0.11669921875,-0.081298828125,-0.9861907958984375
2025-05-05 20:37:50.161289,-0.11517333984375,-0.0806427001953125,-0.98468017578125
2025-05-05 20:37:51.218330,-0.1176300048828125,-0.0814056396484375,-0.98577880859375
2025-05-05 20:37:52.259504,-0.112884521484375,-0.080474853515625,-0.9873046875
2025-05-05 20:37:54.313439,-0.11016845703125,-0.079071044921875,-0.9866180419921875
2025-05-05 20:37:55.334653,-0.1112213134765625,-0.0787811279296875,-0.988128662109375
2025-05-05 20:37:56.371267,-0.1098480224609375,-0.078094482421875,-0.9871978759765625
2025-05-05 20:37:57.406898,-0.110809326171875,-0.079193115234375,-0.9859619140625
2025-05-05 20:37:58.424023,-0.109619140625,-0.0793914794921875,-0.9865875244140625
2025-05-05 20:37:59.447614,-0.11090087890625,-0.078826904296875,-0.9872589111328125
2025-05-05 20:38:01.511337,-0.110015869140625,-0.079864501953125,-0.9877166748046875
2025-05-05 20:38:02.531006,-0.1095733642578125,-0.0789642333984375,-0.9872894287109375
2025-05-05 20:38:03.566459,-0.109527587890625,-0.0780029296875,-0.9862823486328125
2025-05-05 20:38:04.602157,-0.1090087890625,-0.07916259765625,-0.9866943359375
2025-05-05 20:38:05.607715,-0.109130859375,-0.07794189453125,-0.987762451171875
2025-05-05 20:38:06.661959,-0.108978271484375,-0.077392578125,-0.986541748046875
2025-05-05 20:38:07.665617,-0.1085052490234375,-0.0777130126953125,-0.9858551025390625
2025-05-05 20:38:08.718813,-0.109283447265625,-0.076995849609375,-0.986572265625
2025-05-05 20:38:09.721258,-0.1098480224609375,-0.07720947265625,-0.9875030517578125
2025-05-05 20:38:10.758667,-0.1085968017578125,-0.0778350830078125,-0.986785888671875
2025-05-05 20:38:11.787259,-0.108856201171875,-0.078704833984375,-0.9865875244140625
2025-05-05 20:38:12.825310,-0.1083831787109375,-0.0787353515625,-0.9866485595703125
2025-05-05 20:38:13.864577,-0.1087493896484375,-0.0789947509765625,-0.98626708984375
2025-05-05 20:38:14.866248,-0.1086578369140625,-0.0785980224609375,-0.98675537109375
2025-05-05 20:38:15.877772,-0.1092376708984375,-0.07965087890625,-0.987640380859375
2025-05-05 20:38:17.920979,-0.1099700927734375,-0.0774078369140625,-0.9879913330078125
2025-05-05 20:38:18.937749,-0.108734130859375,-0.0763397216796875,-0.9867095947265625
2025-05-05 20:38:19.993103,-0.10882568359375,-0.0761260986328125,-0.98602294921875
2025-05-05 20:38:20.996536,-0.109954833984375,-0.0755462646484375,-0.985504150390625
2025-05-05 20:38:22.038326,-0.1072540283203125,-0.0746612548828125,-0.9864654541015625
2025-05-05 20:38:23.047916,-0.1090850830078125,-0.0758209228515625,-0.98687744140625
2025-05-05 20:38:24.074055,-0.1099700927734375,-0.076141357421875,-0.9863128662109375
2025-05-05 20:38:25.098661,-0.1071319580078125,-0.0751953125,-0.987457275390625
2025-05-05 20:38:26.150804,-0.1070404052734375,-0.0750579833984375,-0.98663330078125
2025-05-05 20:38:27.173687,-0.10888671875,-0.076171875,-0.9878082275390625
2025-05-05 20:38:28.194370,-0.1087493896484375,-0.0756378173828125,-0.9869384765625
2025-05-05 20:38:29.216800,-0.107818603515625,-0.076141357421875,-0.9863433837890625
2025-05-05 20:38:30.240034,-0.108123779296875,-0.0758514404296875,-0.9874420166015625
2025-05-05 20:38:31.260282,-0.1075286865234375,-0.0747833251953125,-0.9869537353515625
2025-05-05 20:38:32.299131,-0.108123779296875,-0.07525634765625,-0.98828125
2025-05-05 20:38:33.308164,-0.1076507568359375,-0.075469970703125,-0.98577880859375
2025-05-05 20:38:34.351432,-0.1087188720703125,-0.074859619140625,-0.9875946044921875
2025-05-05 20:38:35.392179,-0.1082000732421875,-0.0750732421875,-0.9873199462890625
2025-05-05 20:38:36.402510,-0.108306884765625,-0.075531005859375,-0.9869842529296875
2025-05-05 20:38:37.428428,-0.107574462890625,-0.07489013671875,-0.9875946044921875
2025-05-05 20:38:38.449889,-0.1094970703125,-0.077239990234375,-0.98699951171875
2025-05-05 20:38:39.484798,-0.110137939453125,-0.077880859375,-0.9852294921875
2025-05-05 20:38:40.493681,-0.10833740234375,-0.076812744140625,-0.983612060546875
2025-05-05 20:47:42.944057,0,0,0
2025-05-05 20:47:43.010029,-0.0223388671875,-0.0429229736328125,-0.9944915771484375
2025-05-05 20:47:44.068979,-0.0216064453125,-0.042083740234375,-0.994842529296875
2025-05-05 20:47:45.092918,-0.0244293212890625,-0.041229248046875,-0.9925994873046875
2025-05-05 20:47:46.148221,-0.0248870849609375,-0.0431976318359375,-0.995635986328125
2025-05-05 20:47:47.188280,-0.022369384765625,-0.042144775390625,-0.99163818359375
2025-05-05 20:47:48.240562,-0.0257415771484375,-0.04345703125,-0.9965057373046875
2025-05-05 20:47:49.271990,-0.0299224853515625,-0.0428619384765625,-0.999725341796875
2025-05-05 20:47:50.307749,-0.03240966796875,-0.0413970947265625,-0.994964599609375
2025-05-05 20:47:51.325086,-0.0419769287109375,-0.040252685546875,-0.9949951171875
2025-05-05 20:47:52.359883,-0.0303497314453125,-0.0405731201171875,-0.9951171875
2025-05-05 20:47:53.391286,-0.0295257568359375,-0.0416412353515625,-0.9946441650390625
2025-05-05 20:47:54.424069,-0.028076171875,-0.0410003662109375,-0.9952239990234375
2025-05-05 20:47:55.443920,-0.0281982421875,-0.0419769287109375,-0.9952850341796875
2025-05-05 20:47:56.473758,-0.031097412109375,-0.04229736328125,-0.9942779541015625
2025-05-05 20:47:57.503023,-0.031829833984375,-0.04254150390625,-0.997222900390625
2025-05-05 20:47:58.523776,-0.03094482421875,-0.042724609375,-0.9960174560546875
2025-05-05 20:54:42.926386,0,0,0
2025-05-05 20:54:42.982409,-0.0347137451171875,-0.0459747314453125,-0.9944915771484375
2025-05-05 20:54:44.008003,-0.0334625244140625,-0.0452117919921875,-0.9941558837890625
2025-05-05 20:54:45.041794,-0.034332275390625,-0.045928955078125,-0.995819091796875
2025-05-05 20:54:47.292415,-0.035064697265625,-0.046539306640625,-0.99468994140625
2025-05-05 20:54:49.343096,-0.034423828125,-0.0467071533203125,-0.9950408935546875
2025-05-05 20:54:50.367138,-0.0343017578125,-0.0460205078125,-0.9958648681640625
2025-05-05 20:54:51.409645,-0.03338623046875,-0.0463714599609375,-0.9951324462890625
2025-05-05 20:54:52.424515,-0.0340576171875,-0.0473175048828125,-0.9950103759765625
2025-05-05 20:54:53.460260,-0.034027099609375,-0.0468292236328125,-0.995849609375
2025-05-05 20:54:54.483393,-0.03369140625,-0.0460205078125,-0.994720458984375
2025-05-05 20:54:55.495338,-0.03363037109375,-0.0465545654296875,-0.994293212890625
2025-05-05 20:54:56.543156,-0.0328521728515625,-0.0459136962890625,-0.994964599609375
2025-05-05 20:54:57.567299,-0.0334625244140625,-0.0471343994140625,-0.9950714111328125
2025-05-05 20:54:58.591804,-0.033416748046875,-0.046875,-0.9952545166015625
2025-05-05 20:54:59.597462,-0.033905029296875,-0.046783447265625,-0.9952392578125
2025-05-05 20:55:00.602204,-0.0342864990234375,-0.0468902587890625,-0.99432373046875
2025-05-05 20:55:01.639236,-0.0326385498046875,-0.04644775390625,-0.9951171875
2025-05-05 20:55:02.640744,-0.03369140625,-0.047271728515625,-0.99432373046875
2025-05-05 20:55:03.693052,-0.03350830078125,-0.0467987060546875,-0.9943389892578125
2025-05-05 20:55:04.726059,-0.0365753173828125,-0.0467529296875,-0.9947509765625
2025-05-05 20:55:05.761801,-0.0353851318359375,-0.0450592041015625,-0.9943695068359375
2025-05-05 20:55:06.795471,-0.035369873046875,-0.0452728271484375,-0.9953765869140625
2025-05-05 20:55:07.806414,-0.0353851318359375,-0.0449676513671875,-0.995086669921875
2025-05-05 20:55:08.837741,-0.035247802734375,-0.0451507568359375,-0.99591064453125
2025-05-05 20:55:09.853902,-0.0345916748046875,-0.045074462890625,-0.9953765869140625
2025-05-05 20:55:10.882495,-0.03521728515625,-0.0452423095703125,-0.9945068359375
2025-05-05 20:55:11.901195,-0.0358734130859375,-0.045654296875,-0.9944000244140625
2025-05-05 20:55:12.933555,-0.0350494384765625,-0.044586181640625,-0.994781494140625
2025-05-05 20:55:13.948365,-0.0352325439453125,-0.0446929931640625,-0.9943084716796875
2025-05-05 20:55:16.031350,-0.0348968505859375,-0.04400634765625,-0.994781494140625
2025-05-05 20:55:17.072687,-0.0351409912109375,-0.044647216796875,-0.9940643310546875
2025-05-05 20:55:18.080533,-0.03582763671875,-0.0447235107421875,-0.9954681396484375
2025-05-05 20:55:19.119229,-0.0355987548828125,-0.0448150634765625,-0.9962005615234375
2025-05-05 20:55:20.155603,-0.0356597900390625,-0.045318603515625,-0.99359130859375
2025-05-05 20:55:21.200606,-0.0355224609375,-0.04559326171875,-0.996185302734375
2025-05-05 20:55:22.206901,-0.0359649658203125,-0.044769287109375,-0.994384765625
2025-05-05 20:55:23.215166,-0.0347747802734375,-0.0447235107421875,-0.9937744140625
2025-05-05 20:55:24.255122,-0.0362091064453125,-0.0446319580078125,-0.99432373046875
2025-05-05 20:55:25.306286,-0.03662109375,-0.0443115234375,-0.9947662353515625
2025-05-05 20:55:26.336041,-0.0367279052734375,-0.0446014404296875,-0.993743896484375
2025-05-05 20:55:27.348793,-0.0370330810546875,-0.044769287109375,-0.994873046875
2025-05-05 20:55:28.380336,-0.0345306396484375,-0.0448760986328125,-0.99420166015625
2025-05-05 20:55:29.405715,-0.0352783203125,-0.04461669921875,-0.9944000244140625
2025-05-05 20:55:30.422671,-0.0354156494140625,-0.044281005859375,-0.9954071044921875
2025-05-05 20:55:31.470815,-0.0360260009765625,-0.0445404052734375,-0.994415283203125
2025-05-05 20:55:32.482691,-0.035888671875,-0.04443359375,-0.995086669921875
2025-05-05 20:55:33.502720,-0.034881591796875,-0.044769287109375,-0.9942169189453125
2025-05-05 20:55:35.528913,-0.0344085693359375,-0.04461669921875,-0.99432373046875
2025-05-05 20:55:37.596598,-0.034881591796875,-0.0454254150390625,-0.9932403564453125
2025-05-05 20:55:38.618663,-0.036102294921875,-0.0446014404296875,-0.9942169189453125
2025-05-05 20:55:39.643729,-0.033905029296875,-0.0450592041015625,-0.993988037109375
2025-05-05 20:55:40.664278,-0.0330047607421875,-0.04150390625,-1.0194549560546875
2025-05-05 20:55:41.702691,-0.0349273681640625,-0.044677734375,-0.9947357177734375
2025-05-05 20:55:42.714208,-0.036285400390625,-0.0438232421875,-0.9941864013671875
2025-05-05 20:55:43.745661,-0.0358428955078125,-0.043670654296875,-0.9915771484375
2025-05-05 20:55:44.765886,-0.0377044677734375,-0.0460662841796875,-0.9971923828125
2025-05-05 20:55:45.798270,-0.0357208251953125,-0.044769287109375,-0.9938812255859375
2025-05-05 20:55:46.808003,-0.03631591796875,-0.04473876953125,-0.99481201171875
2025-05-05 20:55:47.856129,-0.03656005859375,-0.04486083984375,-0.99468994140625
2025-05-05 20:55:48.870876,-0.0370330810546875,-0.04595947265625,-0.9945068359375
2025-05-05 20:55:49.893872,-0.035125732421875,-0.0446319580078125,-0.994781494140625
2025-05-05 20:55:50.916212,-0.036102294921875,-0.0447235107421875,-0.9957275390625
2025-05-05 20:55:51.939768,-0.038970947265625,-0.0432586669921875,-0.9927825927734375
2025-05-05 20:55:52.964183,-0.0369415283203125,-0.0426177978515625,-0.9970855712890625
2025-05-05 20:55:53.988983,-0.95989990234375,-0.415771484375,-1.9169769287109375
2025-05-05 20:55:55.014341,-2.48248291015625,2.169921875,-4.167449951171875
2025-05-05 20:55:56.032835,0.4253082275390625,1.913482666015625,-3.265350341796875
2025-05-05 20:55:57.058010,0.3499298095703125,1.549560546875,-3.23089599609375
2025-05-05 20:55:58.082037,0.849609375,0.5127105712890625,-3.14117431640625
2025-05-05 20:55:59.107826,1.016632080078125,1.0889434814453125,-1.5923919677734375
2025-05-05 20:56:00.131991,1.3666839599609375,0.976470947265625,-0.78265380859375
2025-05-05 20:56:01.152096,0.9116668701171875,1.5625457763671875,-0.106842041015625
2025-05-05 20:56:02.177751,0.366943359375,1.3428955078125,0.1201324462890625
2025-05-05 20:56:03.203137,0.0559844970703125,1.1387939453125,0.2579498291015625
2025-05-05 20:56:04.230786,-0.1687469482421875,1.412445068359375,0.332977294921875
2025-05-05 20:56:05.249061,0.3316497802734375,2.00323486328125,-1.325042724609375
2025-05-05 20:56:06.270801,-0.2723541259765625,2.705596923828125,-1.2452545166015625
2025-05-05 20:56:07.297889,-0.3166351318359375,1.4419097900390625,-0.0233612060546875
2025-05-05 20:56:08.322636,-0.286163330078125,-0.25634765625,-0.88140869140625
2025-05-05 20:56:09.362363,-0.0437469482421875,-0.0961761474609375,-0.991485595703125
2025-05-05 20:56:10.373427,-0.04290771484375,-0.09600830078125,-0.9888916015625
2025-05-05 20:56:11.391877,-0.044189453125,-0.094940185546875,-0.990478515625
2025-05-05 20:56:12.412547,-0.044097900390625,-0.0947265625,-0.9919586181640625
2025-05-05 20:56:13.460673,-0.0462646484375,-0.096710205078125,-0.9910736083984375
2025-05-05 20:56:14.503256,-0.027252197265625,-0.063018798828125,-0.987213134765625
2025-05-05 20:56:16.553311,-0.03314208984375,-0.08782958984375,-0.993072509765625
2025-05-05 20:56:17.579621,-0.03594970703125,-0.087371826171875,-0.991302490234375
2025-05-05 20:56:18.581749,-0.036041259765625,-0.08685302734375,-0.991790771484375
2025-05-05 20:56:19.603860,-0.0357666015625,-0.08746337890625,-0.99267578125
2025-05-05 20:56:20.657204,-0.039337158203125,-0.0896148681640625,-0.9907989501953125
2025-05-05 20:56:21.695546,-0.0388336181640625,-0.089111328125,-0.99188232421875
2025-05-05 20:56:22.757649,-0.0400848388671875,-0.089385986328125,-0.9906768798828125
2025-05-05 20:56:23.793703,-0.0396728515625,-0.0909881591796875,-0.99017333984375
2025-05-05 20:56:24.813364,-0.040496826171875,-0.0907440185546875,-0.9898681640625
2025-05-05 20:56:25.816050,-0.0391082763671875,-0.0897369384765625,-0.9922943115234375
2025-05-05 20:56:26.859046,-0.04010009765625,-0.0924835205078125,-0.991485595703125
2025-05-05 20:56:27.919267,-0.0395660400390625,-0.0940399169921875,-0.990570068359375
2025-05-05 20:56:28.925387,-0.0384368896484375,-0.0948944091796875,-0.991973876953125
2025-05-05 20:56:29.948393,-0.0384674072265625,-0.0952606201171875,-0.991668701171875
2025-05-05 20:56:30.974227,-0.03900146484375,-0.0953369140625,-0.989990234375
2025-05-05 20:56:31.998521,-0.038330078125,-0.0942230224609375,-0.991485595703125
2025-05-05 20:56:33.038079,-0.03717041015625,-0.0945587158203125,-0.9919586181640625
2025-05-05 20:56:34.059793,-0.0384674072265625,-0.0958709716796875,-0.9915313720703125
2025-05-05 20:56:35.095431,-0.03814697265625,-0.095123291015625,-0.990234375
2025-05-05 20:56:36.115029,-0.0381317138671875,-0.0955047607421875,-0.99102783203125
2025-05-05 20:56:37.120850,-0.0384063720703125,-0.0957183837890625,-0.9921722412109375
2025-05-05 20:56:38.127667,-0.03863525390625,-0.0949554443359375,-0.98956298828125
2025-05-05 20:56:39.131790,-0.037811279296875,-0.0966339111328125,-0.9921875
2025-05-05 20:56:40.172022,-0.03778076171875,-0.0956878662109375,-0.992095947265625
2025-05-05 20:56:41.194936,-0.03814697265625,-0.0953521728515625,-0.9912261962890625
2025-05-05 20:56:42.213010,-0.03924560546875,-0.0950469970703125,-0.99139404296875
2025-05-05 20:56:43.262142,-0.0385894775390625,-0.095062255859375,-0.99053955078125
2025-05-05 20:56:44.283815,-0.0398406982421875,-0.0949554443359375,-0.9901275634765625
2025-05-05 20:56:45.317713,-0.0397491455078125,-0.0964202880859375,-0.9896697998046875
2025-05-05 20:56:47.412661,-0.0387725830078125,-0.09429931640625,-0.9912261962890625
2025-05-05 20:56:48.441096,-0.0395660400390625,-0.09478759765625,-0.991607666015625
2025-05-05 20:56:49.492879,-0.0404510498046875,-0.09613037109375,-0.9917449951171875
2025-05-05 20:56:50.510466,-0.0407257080078125,-0.0954132080078125,-0.992095947265625
2025-05-05 20:56:51.553520,-0.0413665771484375,-0.0946044921875,-0.9917449951171875
2025-05-05 20:56:52.576352,-0.0391693115234375,-0.094818115234375,-0.991302490234375
2025-05-05 20:56:53.578785,-0.0400543212890625,-0.0947723388671875,-0.989532470703125
2025-05-05 20:56:54.632326,-0.03900146484375,-0.0952301025390625,-0.990631103515625
2025-05-05 20:56:55.658768,-0.0402984619140625,-0.0960693359375,-0.9922943115234375
2025-05-05 20:56:56.711149,-0.040313720703125,-0.0950927734375,-0.9897308349609375
2025-05-05 20:56:57.722072,-0.0395355224609375,-0.0958099365234375,-0.9901885986328125
2025-05-05 20:56:58.762609,-0.0400543212890625,-0.0951080322265625,-0.9898834228515625
2025-05-05 20:57:00.777862,-0.0399627685546875,-0.09521484375,-0.9917449951171875
2025-05-05 20:57:01.780354,-0.0399322509765625,-0.0964508056640625,-0.98968505859375
2025-05-05 20:57:02.804247,-0.039520263671875,-0.0956268310546875,-0.9897918701171875
2025-05-05 20:57:03.826703,-0.0398406982421875,-0.095245361328125,-0.99468994140625
2025-05-05 20:57:04.838230,-0.0395355224609375,-0.0967559814453125,-0.9912567138671875
2025-05-05 20:57:05.863017,-0.0402679443359375,-0.0961151123046875,-0.991607666015625
2025-05-05 20:57:06.898863,-0.040557861328125,-0.092803955078125,-0.99041748046875
2025-05-05 20:57:07.907512,-0.0395050048828125,-0.09246826171875,-0.98992919921875
2025-05-05 20:57:08.946160,-0.0398712158203125,-0.09210205078125,-0.99169921875
2025-05-05 20:57:09.978563,-0.0389404296875,-0.0930328369140625,-0.9922637939453125
2025-05-05 20:57:10.995090,-0.0385589599609375,-0.0944671630859375,-0.990081787109375
2025-05-05 20:57:12.020691,-0.0401611328125,-0.0940399169921875,-0.9898681640625
2025-05-05 20:57:13.044431,-0.041259765625,-0.0947418212890625,-0.9908599853515625
2025-05-05 20:57:14.065998,-0.040435791015625,-0.093658447265625,-0.991851806640625
2025-05-05 20:57:15.092637,-0.04833984375,-0.0942230224609375,-0.98828125
2025-05-05 20:57:16.111961,-0.0353851318359375,-0.09259033203125,-0.9916839599609375
2025-05-05 20:57:17.135370,-0.03997802734375,-0.099395751953125,-0.990966796875
2025-05-05 20:57:18.147739,-0.0426025390625,-0.098358154296875,-0.9903411865234375
2025-05-05 20:57:19.149276,-0.040252685546875,-0.0977630615234375,-0.9922943115234375
2025-05-05 20:57:20.159914,-0.0407257080078125,-0.1006011962890625,-0.9912872314453125
2025-05-05 20:57:21.206694,-0.0403594970703125,-0.0991363525390625,-0.9892730712890625
2025-05-05 20:57:22.257604,-0.042083740234375,-0.0999603271484375,-0.9906158447265625
2025-05-05 20:57:23.280404,-0.0419464111328125,-0.097137451171875,-0.9904937744140625
2025-05-05 20:57:24.301566,-0.0426788330078125,-0.09991455078125,-0.9913787841796875
2025-05-05 20:57:25.324988,-0.042236328125,-0.099151611328125,-0.9910125732421875
2025-05-05 20:57:26.346886,-0.042999267578125,-0.1002655029296875,-0.991485595703125
2025-05-05 20:57:27.374254,-0.042144775390625,-0.099517822265625,-0.9902496337890625
2025-05-05 20:57:28.398312,-0.0417022705078125,-0.099609375,-0.9904632568359375
2025-05-05 20:57:29.419044,-0.0432281494140625,-0.09954833984375,-0.9905853271484375
2025-05-05 20:57:30.442604,-0.0420989990234375,-0.09912109375,-0.9894256591796875
2025-05-05 20:57:31.470164,-0.0421142578125,-0.099029541015625,-0.990814208984375
2025-05-05 20:57:33.516851,-0.0432891845703125,-0.09857177734375,-0.9921417236328125
2025-05-05 20:57:34.544189,-0.04241943359375,-0.098480224609375,-0.9888153076171875
2025-05-05 20:57:35.560987,-0.0421600341796875,-0.0988006591796875,-0.9898529052734375
2025-05-05 20:57:36.590687,-0.0422821044921875,-0.09893798828125,-0.9901580810546875
2025-05-05 20:57:37.612009,-0.0426483154296875,-0.0984039306640625,-0.9899139404296875
2025-05-05 20:57:38.634297,-0.041900634765625,-0.0998077392578125,-0.9911346435546875
2025-05-05 20:57:39.665279,-0.0413818359375,-0.0988006591796875,-0.98870849609375
2025-05-05 20:57:40.685356,-0.0423431396484375,-0.098236083984375,-0.9916534423828125
2025-05-05 20:57:41.703583,-0.040618896484375,-0.097015380859375,-0.9897308349609375
2025-05-05 20:57:42.727125,-0.0421905517578125,-0.098052978515625,-0.992950439453125
2025-05-05 20:57:43.774416,-0.04241943359375,-0.0977630615234375,-0.9898681640625
2025-05-05 20:57:44.780258,-0.040802001953125,-0.099029541015625,-0.9923553466796875
2025-05-05 20:57:45.805415,-0.0421600341796875,-0.0993499755859375,-0.9907073974609375
2025-05-05 20:57:46.826024,-0.0416412353515625,-0.0982208251953125,-0.9916839599609375
2025-05-05 20:57:47.853209,-0.0416107177734375,-0.098358154296875,-0.9912109375
2025-05-05 20:57:48.872110,-0.0416717529296875,-0.09832763671875,-0.990509033203125
2025-05-05 20:57:49.898108,-0.04217529296875,-0.098846435546875,-0.990386962890625
2025-05-05 20:57:51.942330,-0.0424346923828125,-0.098876953125,-0.98992919921875
2025-05-05 20:57:52.971794,-0.0422821044921875,-0.0987548828125,-0.9910888671875
2025-05-05 20:57:53.988989,-0.0422210693359375,-0.0986785888671875,-0.9897003173828125
2025-05-05 20:57:54.973347,0.1677093505859375,-0.0986175537109375,-0.991668701171875
2025-05-05 20:57:57.062789,2.701629638671875,-0.7159423828125,-3.0959014892578125
2025-05-05 20:57:58.095881,0.50372314453125,2.3791046142578125,1.0001068115234375
2025-05-05 20:57:59.118329,1.6422271728515625,1.6742706298828125,-0.16802978515625
2025-05-05 20:58:00.149605,-0.171600341796875,2.22857666015625,1.1626129150390625
2025-05-05 20:58:02.192209,3.182342529296875,0.5313873291015625,0.848114013671875
2025-05-05 20:58:03.214179,-0.54718017578125,-0.324371337890625,-0.940032958984375
2025-05-05 20:58:04.238961,-1.0043487548828125,1.8297119140625,0.6879119873046875
2025-05-05 20:58:05.262532,-1.123870849609375,1.027374267578125,-0.271881103515625
2025-05-05 20:58:06.304579,-3.208343505859375,-0.0775604248046875,-2.0921783447265625
2025-05-05 20:58:07.311750,-0.140869140625,1.6597137451171875,0.342376708984375
2025-05-05 20:58:08.336019,0.0182647705078125,1.001190185546875,-0.192657470703125
2025-05-05 20:58:09.356783,2.058563232421875,0.058929443359375,-0.0074005126953125
2025-05-05 20:58:10.381219,0.26141357421875,-0.212371826171875,-1.2446441650390625
2025-05-05 20:58:11.403892,-0.6263885498046875,1.2897186279296875,0.6640625
2025-05-05 20:58:12.430993,-0.781280517578125,1.1093292236328125,-0.14910888671875
2025-05-05 20:58:13.451723,-2.2514190673828125,0.2928924560546875,-0.06268310546875
2025-05-05 20:58:14.476597,-3.4872589111328125,0.4615936279296875,0.0992584228515625
2025-05-05 20:58:15.502370,0.808837890625,0.2094268798828125,0.9830169677734375
2025-05-05 20:58:16.520952,0.24078369140625,2.4334259033203125,2.4237213134765625
2025-05-05 20:58:17.552802,0.3481292724609375,0.6412811279296875,0.19525146484375
2025-05-05 20:58:18.553783,0.39459228515625,0.5048980712890625,0.5594482421875
2025-05-05 20:58:19.575586,-0.4788970947265625,-1.1437835693359375,-0.5792694091796875
2025-05-05 20:58:20.621924,0.526763916015625,-0.5191192626953125,-0.727508544921875
2025-05-05 20:58:21.641857,-0.174346923828125,-0.029083251953125,-0.9845428466796875
2025-05-05 20:58:22.707742,-0.1632537841796875,-0.0262451171875,-0.9815826416015625
2025-05-05 20:58:23.761377,-0.1613616943359375,-0.026153564453125,-0.98345947265625
2025-05-05 20:58:24.782701,-0.1595458984375,-0.0264892578125,-0.98114013671875
2025-05-05 20:58:26.812630,-0.16229248046875,-0.0252685546875,-0.9844207763671875
2025-05-05 20:58:27.824612,-0.1598052978515625,-0.026763916015625,-0.9834442138671875
2025-05-05 20:58:28.857107,-0.1601715087890625,-0.027862548828125,-0.983306884765625
2025-05-05 20:58:29.859160,-0.159210205078125,-0.026397705078125,-0.9830169677734375
2025-05-05 20:59:42.033850,0,0,0
2025-05-05 20:59:42.096047,-0.16033935546875,-0.021575927734375,-0.98345947265625
2025-05-05 20:59:43.160321,-0.1615753173828125,-0.0225677490234375,-0.9813079833984375
2025-05-05 20:59:44.186796,-0.160980224609375,-0.0229644775390625,-0.9825592041015625
2025-05-05 20:59:45.404230,-0.1591644287109375,-0.022796630859375,-0.98370361328125
2025-05-05 20:59:46.485172,-0.1563720703125,-0.0228118896484375,-0.9795074462890625
2025-05-05 20:59:47.501933,-0.158782958984375,-0.0230712890625,-0.9829559326171875
2025-05-05 20:59:48.539807,-0.1588134765625,-0.0213623046875,-0.9836273193359375
2025-05-05 20:59:49.573278,-0.159576416015625,-0.02191162109375,-0.9843292236328125
2025-05-05 20:59:50.595005,-0.1497802734375,-0.007659912109375,-1.1218414306640625
2025-05-05 20:59:51.626296,-0.0926513671875,-0.0247650146484375,-0.9896240234375
2025-05-05 20:59:52.637755,-0.0902252197265625,-0.02459716796875,-0.99072265625
2025-05-05 20:59:53.660034,-0.091217041015625,-0.0250701904296875,-0.993194580078125
2025-05-05 20:59:54.669624,-0.0948944091796875,-0.0261077880859375,-0.9913482666015625
2025-05-05 20:59:55.676488,-0.0951690673828125,-0.0247650146484375,-0.9910888671875
2025-05-05 20:59:56.719330,-0.0949859619140625,-0.025970458984375,-0.990478515625
2025-05-05 20:59:57.721974,-0.0931243896484375,-0.0253143310546875,-0.993743896484375
2025-05-05 20:59:58.771132,-0.094696044921875,-0.0260772705078125,-0.98907470703125
2025-05-05 20:59:59.808202,-0.0959014892578125,-0.025787353515625,-0.9900970458984375
2025-05-05 21:00:00.821104,-0.0936737060546875,-0.0265960693359375,-0.9895172119140625
2025-05-05 21:00:02.862123,-0.0973663330078125,-0.0259552001953125,-0.9921112060546875
2025-05-05 21:00:03.915371,-0.0954742431640625,-0.027130126953125,-0.99139404296875
2025-05-05 21:00:04.951887,-0.0969390869140625,-0.0262298583984375,-0.991943359375
2025-05-05 21:00:05.957887,-0.0928802490234375,-0.0268096923828125,-0.9912109375
2025-05-05 21:00:06.978210,-0.0953521728515625,-0.024322509765625,-0.9911041259765625
2025-05-05 21:00:07.983744,-0.0903167724609375,-0.0247039794921875,-0.9937896728515625
2025-05-05 21:00:08.988794,-0.0882720947265625,-0.0256500244140625,-0.989227294921875
2025-05-05 21:00:10.008146,-0.090484619140625,-0.0252532958984375,-0.992889404296875
2025-05-05 21:00:11.025847,-0.0899810791015625,-0.0248565673828125,-0.99151611328125
2025-05-05 21:00:12.061737,-0.0896148681640625,-0.024749755859375,-0.992034912109375
2025-05-05 21:00:13.080824,-0.0899200439453125,-0.02423095703125,-0.9915924072265625
2025-05-05 21:00:14.140193,-0.0902557373046875,-0.02398681640625,-0.992218017578125
2025-05-05 21:00:15.145572,-0.090118408203125,-0.0256195068359375,-0.990966796875
2025-05-05 21:00:16.164245,-0.0896148681640625,-0.024871826171875,-0.9923858642578125
2025-05-05 21:00:17.202258,-0.0897369384765625,-0.02490234375,-0.9913482666015625
2025-05-05 21:00:18.217396,-0.0906219482421875,-0.025390625,-0.9934539794921875
2025-05-05 21:00:19.239036,-0.0885162353515625,-0.02593994140625,-0.991973876953125
2025-05-05 21:00:20.293410,-0.08868408203125,-0.0257110595703125,-0.9914398193359375
2025-05-05 21:00:21.299741,-0.08917236328125,-0.02490234375,-0.9925994873046875
2025-05-05 21:00:22.279579,-0.08905029296875,-0.0257568359375,-0.9904327392578125
2025-05-05 21:00:23.305742,-0.0907135009765625,-0.025482177734375,-0.99114990234375
2025-05-05 21:00:24.323278,-0.089324951171875,-0.02508544921875,-0.992034912109375
2025-05-05 21:00:25.348840,-0.08819580078125,-0.02557373046875,-0.9908447265625
2025-05-05 21:00:26.375223,-0.089447021484375,-0.02490234375,-0.99224853515625
2025-05-05 21:00:27.465451,-0.089447021484375,-0.0260162353515625,-0.992919921875
2025-05-05 21:00:28.500433,-0.0886688232421875,-0.02496337890625,-0.9918365478515625
2025-05-05 21:00:29.535009,-0.089447021484375,-0.025421142578125,-0.9910736083984375
2025-05-05 21:00:30.555944,-0.0898590087890625,-0.02532958984375,-0.9926300048828125
2025-05-05 21:00:31.577006,-0.0849761962890625,-0.0263671875,-0.99053955078125
2025-05-05 21:00:32.601553,-0.087188720703125,-0.025848388671875,-0.9903717041015625
2025-05-05 21:00:33.637517,-0.091064453125,-0.0265960693359375,-0.9902496337890625
2025-05-05 21:00:34.657329,-0.091278076171875,-0.0266876220703125,-0.99090576171875
2025-05-05 21:00:35.691499,-0.0920562744140625,-0.028045654296875,-0.9923248291015625
2025-05-05 21:00:36.719274,-0.0917816162109375,-0.02777099609375,-0.99200439453125
2025-05-05 21:00:37.755800,-0.093017578125,-0.026641845703125,-0.9914703369140625
2025-05-05 21:00:38.775955,-0.0902862548828125,-0.0286407470703125,-0.991912841796875
2025-05-05 21:00:39.810450,-0.0909881591796875,-0.027618408203125,-0.9925994873046875
2025-05-05 21:00:40.827685,-0.0912933349609375,-0.02703857421875,-0.9922943115234375
2025-05-05 21:00:41.861948,-0.093170166015625,-0.0274658203125,-0.9911041259765625
2025-05-05 21:00:42.897129,-0.09222412109375,-0.0268707275390625,-0.992034912109375
2025-05-05 21:00:43.947385,-0.091766357421875,-0.0273895263671875,-0.991058349609375
2025-05-05 21:00:44.984012,-0.0951690673828125,-0.02777099609375,-0.991607666015625
2025-05-05 21:00:46.023754,-0.0931243896484375,-0.027435302734375,-0.991973876953125
2025-05-05 21:00:47.079003,-0.0921173095703125,-0.02691650390625,-0.99188232421875
2025-05-05 21:00:48.106018,-0.0889129638671875,-0.0293426513671875,-0.9873809814453125
2025-05-05 21:00:49.122178,-0.0926513671875,-0.0281524658203125,-0.9918975830078125
2025-05-05 21:00:50.158633,-0.09375,-0.0277862548828125,-0.992462158203125
2025-05-05 21:00:51.162368,-0.0931549072265625,-0.027313232421875,-0.9936065673828125
2025-05-05 21:00:52.222538,-0.0939178466796875,-0.0274505615234375,-0.9906463623046875
2025-05-05 21:00:53.248267,-0.092010498046875,-0.0276641845703125,-0.9919891357421875
2025-05-05 21:00:54.274470,-0.0815277099609375,-0.030792236328125,-0.988250732421875
2025-05-05 21:00:55.281892,-1.055267333984375,0.2615966796875,-0.8491973876953125
2025-05-05 21:00:56.289263,0.0279541015625,-0.6605224609375,-0.9353790283203125
2025-05-05 21:00:57.292408,-0.8629302978515625,0.098297119140625,-1.0545654296875
2025-05-05 21:00:58.332873,0.0428314208984375,-0.576934814453125,-0.9298858642578125
2025-05-05 21:00:59.351516,-0.4792022705078125,-0.0534820556640625,-0.9424285888671875
2025-05-05 21:01:00.347877,-0.026763916015625,-0.3258056640625,-0.89654541015625
2025-05-05 21:01:01.355784,-0.257904052734375,-0.0535125732421875,-0.9025726318359375
2025-05-05 21:01:02.384043,-0.149932861328125,-0.247314453125,-1.003326416015625
2025-05-05 21:01:03.399617,-0.195465087890625,-0.2843475341796875,-0.8575592041015625
2025-05-05 21:01:04.450968,-0.341033935546875,-0.14617919921875,-0.95648193359375
2025-05-05 21:01:05.508728,-0.48858642578125,-0.1446990966796875,-0.961700439453125
2025-05-05 21:01:06.529924,-0.031768798828125,-0.514129638671875,-1.024993896484375
2025-05-05 21:01:07.555153,-0.5867462158203125,-0.1050262451171875,-0.944854736328125
2025-05-05 21:01:08.585959,0.084808349609375,-0.4905242919921875,-0.99847412109375
2025-05-05 21:01:09.621514,-0.4986114501953125,-0.092498779296875,-0.99212646484375
2025-05-05 21:01:10.657025,0.1011199951171875,-0.3455810546875,-0.8948822021484375
2025-05-05 21:01:11.667202,-0.186431884765625,-0.1760406494140625,-0.9236907958984375
2025-05-05 21:01:12.702361,-0.203216552734375,-0.2440948486328125,-0.9095001220703125
2025-05-05 21:01:13.723123,-0.036346435546875,-0.3932037353515625,-0.8965606689453125
2025-05-05 21:01:14.781383,-0.3874664306640625,-0.2393035888671875,-0.928985595703125
2025-05-05 21:01:15.798877,-0.1052703857421875,-0.5543670654296875,-1.032867431640625
2025-05-05 21:01:16.817042,-0.545867919921875,-0.1741943359375,-0.99688720703125
2025-05-05 21:01:17.825351,-0.06842041015625,-0.3869781494140625,-0.9516143798828125
2025-05-05 21:01:18.882385,-0.256134033203125,-0.209014892578125,-0.9147491455078125
2025-05-05 21:01:19.887316,-0.1064300537109375,-0.2859954833984375,-0.942535400390625
2025-05-05 21:01:20.896707,-0.171905517578125,-0.2960205078125,-0.9178466796875
2025-05-05 21:01:21.901984,-0.2551116943359375,-0.205902099609375,-0.90777587890625
2025-05-05 21:01:23.958945,-0.288909912109375,-0.1481781005859375,-0.9222564697265625
2025-05-05 21:01:24.993680,-0.0313720703125,-0.4207611083984375,-0.981719970703125
2025-05-05 21:01:26.025302,-0.5707550048828125,-0.125396728515625,-1.046783447265625
2025-05-05 21:01:27.047370,-0.085052490234375,-0.441436767578125,-1.0198211669921875
2025-05-05 21:01:28.055778,-0.5965118408203125,-0.1041107177734375,-1.0823974609375
2025-05-05 21:01:29.105403,-0.0355224609375,-0.3742523193359375,-0.9666595458984375
2025-05-05 21:01:30.127818,-0.2356109619140625,-0.2157440185546875,-0.9116668701171875
2025-05-05 21:01:31.160804,-0.15576171875,-0.224945068359375,-0.928955078125
2025-05-05 21:01:32.163823,-0.0337066650390625,-0.3199005126953125,-0.91668701171875
2025-05-05 21:01:33.204276,-0.357421875,-0.121368408203125,-0.978179931640625
2025-05-05 21:01:34.249144,-0.0645599365234375,-0.48876953125,-1.0481109619140625
2025-05-05 21:01:35.259538,-0.465576171875,-0.091583251953125,-1.0464935302734375
2025-05-05 21:01:36.298205,-0.0313568115234375,-0.3445587158203125,-0.996490478515625
2025-05-05 21:01:37.340134,-0.17498779296875,-0.1281280517578125,-0.9441986083984375
2025-05-05 21:01:38.359815,-0.1868133544921875,-0.2240753173828125,-0.890411376953125
2025-05-05 21:01:39.402309,0.060089111328125,-0.307159423828125,-0.96856689453125
2025-05-05 21:01:41.431913,-0.1243743896484375,-0.357574462890625,-1.013153076171875
2025-05-05 21:01:42.438228,-0.43505859375,-0.1280975341796875,-1.02264404296875
2025-05-05 21:01:43.443360,-0.065032958984375,-0.40643310546875,-1.0845794677734375
2025-05-05 21:01:44.464476,-0.3789825439453125,-0.01202392578125,-1.024078369140625
2025-05-05 21:01:45.517788,0.0457611083984375,-0.17254638671875,-1.0220794677734375
2025-05-05 21:01:46.526330,-0.0619964599609375,-0.1065826416015625,-0.920501708984375
2025-05-05 21:01:47.476269,-0.2742156982421875,-0.074188232421875,-0.972015380859375
2025-05-05 21:01:48.558689,-0.34033203125,-0.151092529296875,-0.9985504150390625
2025-05-05 21:01:50.546126,-0.05706787109375,-0.4291839599609375,-1.0523834228515625
2025-05-05 21:01:52.675583,-0.1345367431640625,0.0837249755859375,-0.9810028076171875
2025-05-05 21:01:53.701679,-0.1312713623046875,0.0828857421875,-0.98370361328125
2025-05-05 21:01:54.728213,-0.129791259765625,0.0830535888671875,-0.98358154296875
2025-05-05 21:01:55.736944,-0.1298675537109375,0.0825958251953125,-0.981903076171875
2025-05-05 21:01:56.767433,-0.1292572021484375,0.0812225341796875,-0.9837188720703125
2025-05-05 21:01:57.805760,-0.1277008056640625,0.082000732421875,-0.98468017578125
2025-05-05 21:01:58.845720,-0.1286773681640625,0.0860748291015625,-0.9840087890625
2025-05-05 21:02:00.888549,-0.1288909912109375,0.084259033203125,-0.9830169677734375
2025-05-05 21:02:01.925766,-0.13238525390625,0.0802459716796875,-0.9837799072265625
2025-05-05 21:02:02.931692,-1.876251220703125,0.9418182373046875,-3.0812225341796875
2025-05-05 21:02:03.980320,-2.3627777099609375,0.2577056884765625,-2.383758544921875
2025-05-05 21:02:04.999240,-4.40460205078125,1.3005523681640625,-1.2393798828125
2025-05-05 21:02:06.022331,1.4374542236328125,-0.8049163818359375,-1.21563720703125
2025-05-05 21:02:07.072880,1.86968994140625,-1.28070068359375,-3.01422119140625
2025-05-05 21:02:08.098074,-3.635345458984375,-2.1909332275390625,-1.994537353515625
2025-05-05 21:02:09.117697,2.488739013671875,1.6275482177734375,0.4034576416015625
2025-05-05 21:02:10.140959,-2.9387054443359375,-1.8875732421875,-1.5547943115234375
2025-05-05 21:02:11.158097,2.5151824951171875,1.54144287109375,-0.023956298828125
2025-05-05 21:02:12.209976,0.255157470703125,-0.80120849609375,-3.3720703125
2025-05-05 21:02:13.241530,2.670989990234375,-0.28387451171875,-2.6563568115234375
2025-05-05 21:02:14.259449,-0.984375,-1.6830596923828125,-4.7354736328125
2025-05-05 21:02:15.308439,1.0016937255859375,-1.5225372314453125,-1.9532012939453125
2025-05-05 21:02:16.328680,7.83135986328125,0.691864013671875,1.385009765625
2025-05-05 21:02:17.354549,-1.8245849609375,0.8266754150390625,-0.178680419921875
2025-05-05 21:02:18.371735,-3.7894744873046875,-0.074554443359375,-4.2903594970703125
2025-05-05 21:02:19.409126,-6.0127716064453125,-0.97552490234375,-0.228424072265625
2025-05-05 21:02:20.428019,-5.3501129150390625,-1.61785888671875,-1.3994293212890625
2025-05-05 21:02:21.448606,-2.6156463623046875,-1.824310302734375,-2.2802886962890625
2025-05-05 21:02:22.456479,2.3086395263671875,1.0718231201171875,2.6523895263671875
2025-05-05 21:02:23.459177,5.517547607421875,3.1821136474609375,0.4977264404296875
2025-05-05 21:02:24.484170,5.106689453125,3.8121185302734375,-2.7968597412109375
2025-05-05 21:02:25.517802,-2.0809783935546875,1.2269439697265625,0.9900665283203125
2025-05-05 21:02:26.557173,1.4967041015625,4.60772705078125,-1.0971832275390625
2025-05-05 21:02:27.574241,5.2742767333984375,0.5980682373046875,1.7733917236328125
2025-05-05 21:02:28.579728,-0.1244964599609375,5.3939666748046875,-3.597015380859375
2025-05-05 21:02:45.289782,0.345184326171875,-0.6258697509765625,-0.7318267822265625
2025-05-05 21:02:47.379295,0.391815185546875,-0.42840576171875,-0.6988067626953125
2025-05-05 21:02:48.403246,0.0546112060546875,-0.2035369873046875,-1.116973876953125
2025-05-05 21:02:49.438839,-0.0671844482421875,-0.041656494140625,-1.0381317138671875
2025-05-05 21:02:50.488943,-0.604644775390625,-0.2361907958984375,-0.988189697265625
2025-05-05 21:02:51.495870,-2.1495208740234375,1.6780548095703125,-2.755950927734375
2025-05-05 21:02:52.548667,-5.6049957275390625,3.709320068359375,-1.9679412841796875
2025-05-05 21:02:53.600998,-1.4907684326171875,3.68756103515625,-2.2822418212890625
2025-05-05 21:02:54.656841,-3.7700653076171875,2.192840576171875,2.74493408203125
2025-05-05 21:02:55.663601,-5.646026611328125,2.263214111328125,-0.904327392578125
2025-05-05 21:02:56.717724,-8.068954467773438,2.4577178955078125,1.155242919921875
2025-05-05 21:02:57.721483,-4.269775390625,0.290252685546875,0.23138427734375
2025-05-05 21:02:58.745848,-0.738525390625,2.026580810546875,-1.2777862548828125
2025-05-05 21:02:59.767454,-8.001083374023438,0.7724761962890625,1.54913330078125
2025-05-05 21:03:00.775444,-3.8868408203125,1.76873779296875,1.877655029296875
2025-05-05 21:03:01.776912,-1.89349365234375,2.6188201904296875,-1.637939453125
2025-05-05 21:03:02.735312,-5.1596832275390625,2.3692626953125,0.11968994140625
2025-05-05 21:03:03.759627,-3.9215545654296875,1.2337188720703125,-0.58245849609375
2025-05-05 21:03:05.807076,0.094696044921875,2.148712158203125,-0.0960235595703125
2025-05-05 21:03:06.860211,-0.3274078369140625,0.0858917236328125,-1.213043212890625
2025-05-05 21:03:08.880622,-0.0915069580078125,-0.8402862548828125,-0.4586639404296875
2025-05-05 21:03:09.904430,-0.4959869384765625,-0.196014404296875,-0.92596435546875
2025-05-05 21:03:10.927464,0.3577423095703125,-0.1788482666015625,-1.0501556396484375
2025-05-05 21:03:12.998126,-0.375396728515625,-0.6153411865234375,-0.6074981689453125
2025-05-05 21:03:14.015495,-1.1004486083984375,-0.348541259765625,-0.6255035400390625
2025-05-05 21:03:15.034046,-2.068359375,-2.635467529296875,-0.3302001953125
2025-05-05 21:03:16.071123,-3.171112060546875,-4.2420806884765625,-0.1290435791015625
2025-05-05 21:03:18.126309,0.981109619140625,0.943572998046875,-0.5074310302734375
2025-05-05 21:03:19.163161,-1.262847900390625,-2.5157470703125,-0.4383392333984375
2025-05-05 21:03:20.179763,-0.9668121337890625,-0.844085693359375,-1.4091644287109375
2025-05-05 21:03:21.199859,1.686126708984375,5.0919036865234375,1.1555023193359375
2025-05-05 21:03:22.222301,-2.65362548828125,-1.9124298095703125,-1.0821380615234375
2025-05-05 21:03:23.273852,-1.56463623046875,0.372314453125,-0.51641845703125
2025-05-05 21:03:24.294739,-0.6291656494140625,0.7052001953125,-0.9854888916015625
2025-05-05 21:03:25.352911,-0.6627197265625,-0.174041748046875,-0.5335845947265625
2025-05-05 21:03:26.404001,-2.327606201171875,-0.369110107421875,-0.19268798828125
2025-05-05 21:03:27.411011,-0.8273468017578125,0.3251953125,-0.977020263671875
2025-05-05 21:03:28.458371,-1.5377349853515625,-1.3757476806640625,-0.262298583984375
2025-05-05 21:03:29.509763,-0.96856689453125,0.812530517578125,-1.2358551025390625
2025-05-05 21:03:30.528291,-0.4014129638671875,1.3215484619140625,-0.826934814453125
2025-05-05 21:03:31.549049,-0.1126251220703125,1.0647735595703125,-0.5394744873046875
2025-05-05 21:03:32.553189,0.8901824951171875,4.88922119140625,-0.868194580078125
2025-05-05 21:03:33.566645,-0.3536834716796875,4.2921142578125,-1.363037109375
2025-05-05 21:03:34.601789,1.4885101318359375,8.060394287109375,-1.669647216796875
2025-05-05 21:03:35.637097,-1.4705047607421875,1.097015380859375,-0.945068359375
2025-05-05 21:03:36.687120,-5.006378173828125,-8.079833984375,-2.0579986572265625
2025-05-05 21:03:37.692267,-0.82275390625,-2.680328369140625,-1.8958892822265625
2025-05-05 21:03:38.698609,-0.7224578857421875,-1.165618896484375,-0.875457763671875
2025-05-05 21:03:39.706470,-0.615692138671875,-1.63946533203125,-1.5340118408203125
2025-05-05 21:03:40.744199,-0.867340087890625,-2.4656982421875,-2.3952789306640625
2025-05-05 21:03:41.764814,-1.05975341796875,-5.3414459228515625,-0.706024169921875
2025-05-05 21:03:42.765753,-0.1912994384765625,-0.4102935791015625,-0.2948150634765625
2025-05-05 21:03:43.789114,-0.4690399169921875,-0.199554443359375,0.023651123046875
2025-05-05 21:03:44.809707,-0.61724853515625,-0.3216705322265625,-0.057403564453125
2025-05-05 21:03:45.817006,-0.8484039306640625,-4.0741119384765625,-1.445465087890625
2025-05-05 21:03:46.819836,-2.7167205810546875,-8.060195922851562,-0.1331634521484375
2025-05-05 21:03:47.847656,-1.8345947265625,-4.891387939453125,0.7524566650390625
2025-05-05 21:03:48.870198,-0.534637451171875,1.923583984375,0.0490264892578125
2025-05-05 21:03:49.879813,-0.3456573486328125,-0.9850006103515625,-0.0317535400390625
2025-05-05 21:03:50.898351,-0.5276336669921875,-0.68798828125,-0.7881927490234375
2025-05-05 21:03:51.940500,-3.5054168701171875,0.440643310546875,1.100799560546875
2025-05-05 21:03:52.977180,-2.6770477294921875,-4.1699066162109375,0.8681182861328125
2025-05-05 21:03:53.997915,1.020477294921875,3.78436279296875,3.883453369140625
2025-05-05 21:03:55.018231,0.8560943603515625,3.7064056396484375,4.9163665771484375
2025-05-05 21:03:56.071052,2.9755401611328125,2.6248321533203125,6.8185272216796875
2025-05-05 21:03:57.124825,-1.584808349609375,1.13128662109375,3.5338287353515625
2025-05-05 21:03:58.156579,-0.396209716796875,0.0545654296875,1.694580078125
2025-05-05 21:03:59.174326,-0.198272705078125,-0.0517120361328125,0.9023284912109375
2025-05-05 21:04:00.216064,-1.811614990234375,0.0518035888671875,-0.4107208251953125
2025-05-05 21:04:01.233180,0.211944580078125,-0.1372222900390625,1.3213958740234375
2025-05-05 21:04:03.293111,-0.1644134521484375,-0.5272064208984375,-0.8040313720703125
2025-05-05 21:04:06.335027,0.4083709716796875,0.7823486328125,-0.183258056640625
2025-05-05 21:04:07.366902,0.78765869140625,-2.208953857421875,0.4496612548828125
2025-05-05 21:04:08.402069,0.4225921630859375,-1.227996826171875,0.81146240234375
2025-05-05 21:04:09.427964,0.0443267822265625,-0.9946136474609375,-0.17169189453125
2025-05-05 21:04:10.480778,0.0995635986328125,-0.9991912841796875,-0.2102508544921875
2025-05-05 21:04:11.493802,0.006072998046875,-0.0661773681640625,0.1227264404296875
2025-05-05 21:04:12.512962,-0.455169677734375,-0.235931396484375,-0.5413970947265625
2025-05-05 21:04:13.536323,0.03314208984375,-0.2833099365234375,-0.970367431640625
2025-05-05 21:04:14.569615,-0.0156707763671875,-0.276123046875,-0.97698974609375
2025-05-05 21:04:15.621027,-0.0323638916015625,-0.2686767578125,-0.9607696533203125
2025-05-05 21:04:16.672919,-0.2953948974609375,-0.4379730224609375,-0.4971771240234375
2025-05-05 21:04:17.726422,-0.2919769287109375,0.19287109375,0.10540771484375
2025-05-05 21:04:18.731294,-1.6602630615234375,0.51068115234375,0.106353759765625
2025-05-05 21:04:19.763725,-1.0835113525390625,0.1608734130859375,-0.0796356201171875
2025-05-05 21:04:20.801747,-1.39678955078125,0.762298583984375,0.3657684326171875
2025-05-05 21:04:21.852553,-0.609130859375,0.3993682861328125,0.0078125
2025-05-05 21:04:22.861757,-1.4229583740234375,0.288421630859375,-0.2208709716796875
2025-05-05 21:04:23.873247,-0.9633331298828125,0.0605010986328125,0.0781097412109375
2025-05-05 21:04:24.878009,-1.523651123046875,0.637847900390625,0.21551513671875
2025-05-05 21:04:25.897440,-0.4971923828125,0.4445343017578125,-0.0354461669921875
2025-05-05 21:04:26.905586,-0.924713134765625,0.635101318359375,-0.005157470703125
2025-05-05 21:04:27.942613,-1.2089080810546875,0.4139404296875,-0.031646728515625
2025-05-05 21:04:28.955118,-0.9430999755859375,0.22698974609375,0.0271148681640625
2025-05-05 21:04:29.983195,-1.3540802001953125,0.749908447265625,0.236572265625
2025-05-05 21:04:31.038404,-0.3057861328125,0.4212188720703125,0.027252197265625
2025-05-05 21:04:32.026866,-1.047576904296875,0.86309814453125,0.02520751953125
2025-05-05 21:04:33.074570,-0.623931884765625,0.5634002685546875,0.1487579345703125
2025-05-05 21:04:34.090930,-1.037872314453125,0.359893798828125,0.00836181640625
2025-05-05 21:04:35.111773,-0.8153533935546875,0.51287841796875,-0.04718017578125
2025-05-05 21:04:36.145838,-1.18817138671875,0.6075286865234375,0.2052001953125
2025-05-05 21:04:37.148795,-1.209808349609375,0.5074920654296875,0.4188232421875
2025-05-05 21:04:38.157372,-1.259246826171875,0.3989105224609375,0.33154296875
2025-05-05 21:04:39.218736,-1.12042236328125,0.5275726318359375,0.498138427734375
2025-05-05 21:04:40.257009,-1.080902099609375,0.713592529296875,0.3002166748046875
2025-05-05 21:04:41.276205,-0.733917236328125,0.599151611328125,0.0931243896484375
2025-05-05 21:04:42.314153,-0.5590057373046875,0.4822845458984375,-0.0065765380859375
2025-05-05 21:04:43.358471,-1.0733642578125,0.714752197265625,0.1826629638671875
2025-05-05 21:04:45.423367,-0.9014434814453125,0.3591766357421875,0.4526824951171875
2025-05-05 21:04:46.426551,-0.9598388671875,0.622528076171875,0.8218536376953125
2025-05-05 21:04:47.440711,-1.1102294921875,0.8323211669921875,0.1482391357421875
2025-05-05 21:04:48.487877,-1.008026123046875,0.5500335693359375,0.27239990234375
2025-05-05 21:04:49.519955,-1.006011962890625,0.4734954833984375,0.0753326416015625
2025-05-05 21:04:50.545012,-1.3204498291015625,0.598541259765625,0.161834716796875
2025-05-05 21:04:51.566059,-0.9258880615234375,0.6923675537109375,0.03155517578125
2025-05-05 21:04:52.589615,-0.689056396484375,0.652069091796875,0.4179534912109375
2025-05-05 21:04:53.635748,-0.533294677734375,0.6487884521484375,0.0402374267578125
2025-05-05 21:04:54.653705,-0.895538330078125,0.946563720703125,0.0437469482421875
2025-05-05 21:04:55.704002,-1.3662109375,1.037322998046875,0.2224273681640625
2025-05-05 21:04:56.724635,-1.212554931640625,0.4539337158203125,0.2819061279296875
2025-05-05 21:04:57.726472,-1.5092010498046875,0.5142669677734375,0.561859130859375
2025-05-05 21:04:58.779147,-1.47869873046875,1.1457366943359375,0.22607421875
2025-05-05 21:04:59.797074,-0.7299957275390625,0.7444610595703125,0.1876373291015625
2025-05-05 21:05:00.815107,-0.035858154296875,0.534912109375,-0.05908203125
2025-05-05 21:05:01.855560,-1.1269073486328125,1.0504913330078125,-0.5363616943359375
2025-05-05 21:05:02.880309,-0.69476318359375,1.0722503662109375,0.2725982666015625
2025-05-05 21:05:03.914788,-0.5388336181640625,0.5972747802734375,0.107940673828125
2025-05-05 21:05:04.951995,-0.330291748046875,1.2183380126953125,0.13726806640625
2025-05-05 21:05:06.008105,-1.113372802734375,0.830230712890625,0.1736602783203125
2025-05-05 21:05:07.043975,-0.3783111572265625,0.8689117431640625,-0.0216217041015625
2025-05-05 21:05:08.072515,-0.30572509765625,0.8209381103515625,-0.181549072265625
2025-05-05 21:05:09.095763,-0.5296630859375,0.9197235107421875,-0.149932861328125
2025-05-05 21:05:10.122415,-0.9584503173828125,1.2631988525390625,-0.04412841796875
2025-05-05 21:05:11.144060,-1.1566314697265625,0.6775970458984375,0.3090362548828125
2025-05-05 21:05:12.186700,-0.8073883056640625,0.730072021484375,0.4329071044921875
2025-05-05 21:05:13.213808,-0.3087005615234375,1.0531463623046875,0.3819580078125
2025-05-05 21:05:14.231213,-0.391448974609375,0.9170379638671875,-0.029266357421875
2025-05-05 21:05:15.269139,0.016693115234375,0.107025146484375,-0.00152587890625
2025-05-05 21:05:16.274464,0.0311431884765625,-0.052978515625,-0.9945831298828125
2025-05-05 21:05:17.323627,0.0277557373046875,-0.0510101318359375,-0.994537353515625
2025-05-05 21:05:18.314893,0.0288848876953125,-0.051300048828125,-0.9930877685546875
2025-05-05 21:05:19.388327,0.0286865234375,-0.05401611328125,-0.9933624267578125
2025-05-05 21:05:20.404312,0.027679443359375,-0.0555572509765625,-0.9932403564453125
2025-05-05 21:05:21.426654,0.0288543701171875,-0.0552215576171875,-0.9930419921875
2025-05-05 21:05:22.464266,0.03033447265625,-0.057891845703125,-0.9933929443359375
2025-05-05 21:05:23.484354,0.0316619873046875,-0.0567169189453125,-0.9947052001953125
2025-05-05 21:05:24.510401,0.031646728515625,-0.0579986572265625,-0.9936981201171875
2025-05-05 21:05:25.547253,0.0244140625,-0.0442657470703125,-0.9943084716796875
2025-05-05 21:05:26.570542,0.0297698974609375,-0.0461578369140625,-0.99066162109375
2025-05-05 21:05:27.606945,0.029632568359375,-0.0511322021484375,-0.9962310791015625
2025-05-05 21:05:28.631418,0.027099609375,-0.050262451171875,-0.9940032958984375
2025-05-05 21:05:29.637044,0.02618408203125,-0.0508270263671875,-0.99444580078125
2025-05-05 21:05:30.676310,0.0267791748046875,-0.052459716796875,-0.9938201904296875
2025-05-05 21:05:31.728806,0.0246734619140625,-0.0514068603515625,-0.9933929443359375
2025-05-05 21:05:32.751323,0.0281219482421875,-0.05059814453125,-0.99456787109375
